ticker,name,raw_composite,sector,industry,cap_bucket,price,ret_5d,ret_1m,ret_3m,ret_6m,ret_12m,asof_date
CELC,Celcuity Inc.,95.1000,Healthcare,Biotechnology,Mid,104.5100,-0.0314,-0.0073,0.2152,1.0180,7.2813,2026-02-13
ACMR,"ACM Research, Inc.",94.4000,Technology,Semiconductor Equipment & Materials,Mid,64.8400,0.0351,0.2423,0.9865,1.5915,1.7948,2026-02-13
DK,"Delek US Holdings, Inc.",92.3000,Energy,Oil & Gas Refining & Marketing,Mid,34.4600,-0.0157,0.1879,-0.1245,0.5934,1.0807,2026-02-13
AGX,"Argan, Inc.",92.0000,Industrials,Engineering & Construction,Mid,409.9500,0.1080,0.2451,0.2249,0.8360,1.7891,2026-02-13
AVAV,"AeroVironment, Inc.",91.9000,Industrials,Aerospace & Defense,Large,243.8700,-0.1111,-0.3558,-0.1747,-0.0113,0.5115,2026-02-13
BTU,Peabody Energy Corporation,91.7000,Energy,Thermal Coal,Mid,34.4500,-0.0893,-0.0446,0.1851,0.9667,1.0480,2026-02-13
DAVE,Dave Inc.,90.9000,Technology,Software - Application,Mid,177.2800,-0.0429,-0.0770,-0.1802,-0.1197,0.6128,2026-02-13
CENX,Century Aluminum Company,90.9000,Basic Materials,Aluminum,Mid,46.0400,-0.1531,-0.0505,0.5854,0.9794,1.1524,2026-02-13
AU,AngloGold Ashanti PLC,90.5000,Basic Materials,Gold,Large,109.8200,0.0245,0.1144,0.3749,1.0733,2.4709,2026-02-13
COGT,"Cogent Biosciences, Inc.",90.3000,Healthcare,Biotechnology,Mid,36.5300,-0.0374,-0.0693,0.0798,2.0723,3.4658,2026-02-13
GRAL,"GRAIL, Inc.",90.3000,Healthcare,Diagnostics & Research,Mid,97.5000,-0.0289,0.0006,0.1719,2.0065,0.8543,2026-02-13
CELH,"Celsius Holdings, Inc.",90.1000,Consumer Defensive,Beverages - Non-Alcoholic,Large,44.6800,-0.0653,-0.1653,0.0152,-0.2202,0.9718,2026-02-13
AMD,"Advanced Micro Devices, Inc.",89.9000,Technology,Semiconductors,Mega,207.3200,-0.0402,-0.0904,-0.1639,0.1679,0.8542,2026-02-13
AEO,"American Eagle Outfitters, Inc.",89.8000,Consumer Cyclical,Apparel Retail,Mid,25.4800,0.0815,-0.0128,0.4593,0.9868,0.8464,2026-02-13
BELFB,Bel Fuse Inc.,89.6000,Technology,Electronic Components,Mid,232.8400,0.0153,0.1843,0.5900,0.7785,1.8148,2026-02-13
CORZ,"Core Scientific, Inc.",89.4000,Technology,Software - Infrastructure,Mid,17.8400,-0.0383,-0.0133,0.1768,0.2626,0.4226,2026-02-13
ADPT,Adaptive Biotechnologies Corpor,89.0000,Healthcare,Biotechnology,Mid,16.0400,0.0113,-0.0979,0.1344,0.2301,0.8826,2026-02-13
COHR,Coherent Corp.,88.9000,Technology,Scientific & Technical Instruments,Large,217.2300,-0.1041,0.1085,0.5520,1.3258,1.5125,2026-02-13
ALB,Albemarle Corporation,88.4000,Basic Materials,Specialty Chemicals,Large,166.3500,0.0036,-0.0428,0.4563,1.0411,1.1426,2026-02-13
FN,Fabrinet,88.4000,Technology,Electronic Components,Large,495.5500,-0.0126,-0.0041,0.2313,0.5026,1.3153,2026-02-13
APGE,"Apogee Therapeutics, Inc.",88.0000,Healthcare,Biotechnology,Mid,67.7800,0.0909,-0.1606,0.0764,0.8176,0.8693,2026-02-13
APH,Amphenol Corporation,87.9000,Technology,Electronic Components,Large,146.7200,0.0175,-0.0486,0.0869,0.3479,1.1313,2026-02-13
ARWR,"Arrowhead Pharmaceuticals, Inc.",87.8000,Healthcare,Biotechnology,Mid,63.8200,0.0188,-0.0367,0.5513,2.1117,2.3396,2026-02-13
CIEN,Ciena Corporation,87.7000,Technology,Communication Equipment,Large,303.9200,0.0492,0.2466,0.5649,2.3446,2.4206,2026-02-13
FTAI,FTAI Aviation Ltd.,87.7000,Industrials,Rental & Leasing Services,Large,279.8500,0.0162,0.0487,0.8291,0.9379,1.6188,2026-02-13
EYE,"National Vision Holdings, Inc.",87.5000,Consumer Cyclical,Specialty Retail,Mid,28.2200,-0.0167,-0.0411,0.1922,0.2415,1.3419,2026-02-13
GH,"Guardant Health, Inc.",87.4000,Healthcare,Diagnostics & Research,Large,104.8500,-0.0047,-0.0637,0.1139,0.7807,1.2318,2026-02-13
BBIO,"BridgeBio Pharma, Inc.",87.0000,Healthcare,Biotechnology,Large,75.2500,0.0409,-0.0132,0.1566,0.4663,1.3843,2026-02-13
ECG,"Everus Construction Group, Inc.",86.8000,Industrials,Engineering & Construction,Mid,105.1600,0.0350,0.1776,0.1483,0.3894,1.1227,2026-02-13
DBRG,"DigitalBridge Group, Inc.",86.7000,Financial Services,Asset Management,Mid,15.4100,0.0006,0.0052,0.5799,0.3767,0.5118,2026-02-13
AEIS,"Advanced Energy Industries, Inc",86.3000,Industrials,Electrical Equipment & Parts,Large,314.2700,0.1257,0.2215,0.5503,1.0782,1.5521,2026-02-13
CECO,CECO Environmental Corp.,86.3000,Industrials,Pollution & Treatment Controls,Mid,79.1400,0.0726,0.1962,0.6063,0.7740,2.1121,2026-02-13
DNTH,"Dianthus Therapeutics, Inc.",86.2000,Healthcare,Biotechnology,Mid,47.4000,-0.1007,0.0773,0.3352,1.2854,0.9644,2026-02-13
ERAS,"Erasca, Inc.",86.0000,Healthcare,Biotechnology,Mid,12.0000,-0.0008,0.2552,3.7244,6.3171,6.3620,2026-02-13
FIX,"Comfort Systems USA, Inc.",85.9000,Industrials,Engineering & Construction,Large,1337.9500,0.0423,0.2263,0.4907,0.9663,2.3988,2026-02-13
CGON,"CG Oncology, Inc.",85.7000,Healthcare,Biotechnology,Mid,51.5000,0.0082,-0.0296,0.3639,1.0039,0.8070,2026-02-13
ADNT,Adient plc,85.6000,Consumer Cyclical,Auto Parts,Mid,27.0900,0.0407,0.1572,0.2809,0.1469,0.5741,2026-02-13
BWXT,"BWX Technologies, Inc.",85.2000,Industrials,Aerospace & Defense,Large,200.4000,-0.0128,-0.0603,0.1282,0.1584,0.8508,2026-02-13
EME,"EMCOR Group, Inc.",85.1000,Industrials,Engineering & Construction,Large,800.8200,0.0317,0.1740,0.2946,0.3236,0.8769,2026-02-13
CVNA,Carvana Co.,84.8000,Consumer Cyclical,Auto & Truck Dealerships,Large,342.8700,-0.1670,-0.2561,0.0764,-0.0203,0.2587,2026-02-13
ACLS,"Axcelis Technologies, Inc.",84.4000,Technology,Semiconductor Equipment & Materials,Mid,94.5500,0.1062,-0.0202,0.1444,0.1744,0.5255,2026-02-13
CALY,Callaway Golf Company,84.3000,Consumer Cyclical,Leisure,Mid,12.5900,-0.1562,-0.1424,0.1900,0.2769,0.6609,2026-02-13
DLTR,"Dollar Tree, Inc.",84.2000,Consumer Defensive,Discount Stores,Large,126.0600,0.0235,-0.1073,0.2221,0.1108,0.7506,2026-02-13
ALGM,"Allegro MicroSystems, Inc.",83.9000,Technology,Semiconductors,Mid,42.3800,0.0093,0.2964,0.6761,0.3805,0.7249,2026-02-13
GPGI,"GPGI, Inc.",83.6000,Industrials,Metal Fabrication,Mid,24.6300,-0.0271,-0.0244,0.2403,0.3265,0.8854,2026-02-13
AVGO,Broadcom Inc.,83.1000,Technology,Semiconductors,Mega,325.1700,-0.0546,-0.0520,-0.0417,0.0653,0.3915,2026-02-13
FSLY,"Fastly, Inc.",83.0000,Technology,Software - Application,Mid,18.2600,1.0940,0.9913,0.5962,1.6273,1.2911,2026-02-13
CAR,"Avis Budget Group, Inc.",83.0000,Industrials,Rental & Leasing Services,Mid,118.3500,-0.0031,-0.0499,-0.1396,-0.2395,0.3574,2026-02-13
CSTM,Constellium SE,82.7000,Basic Materials,Aluminum,Mid,23.2900,-0.0571,0.0161,0.4882,0.6129,1.4439,2026-02-13
DAN,Dana Incorporated,82.6000,Consumer Cyclical,Auto Parts,Mid,33.3900,0.0402,0.2050,0.5832,0.8123,1.1250,2026-02-13
ARQT,"Arcutis Biotherapeutics, Inc.",82.5000,Healthcare,Biotechnology,Mid,25.8600,-0.0379,-0.0190,0.1312,0.5311,1.1007,2026-02-13
FCX,"Freeport-McMoRan, Inc.",82.4000,Basic Materials,Copper,Large,62.8400,-0.0121,0.0480,0.5539,0.4925,0.5841,2026-02-13
GLW,Corning Incorporated,82.3000,Technology,Electronic Components,Large,133.4600,0.0158,0.4275,0.6260,1.0547,1.6098,2026-02-13
GEV,GE Vernova Inc.,82.1000,Industrials,Specialty Industrial Machinery,Mega,802.1300,0.0007,0.2490,0.4381,0.2913,1.1712,2026-02-13
FIVE,"Five Below, Inc.",81.9000,Consumer Cyclical,Specialty Retail,Large,205.9300,-0.0167,0.0398,0.4003,0.5251,1.2838,2026-02-13
ELAN,Elanco Animal Health Incorporat,81.8000,Healthcare,Drug Manufacturers - Specialty & Generic,Large,25.1300,0.0121,0.0393,0.1428,0.3992,1.1552,2026-02-13
ATRO,Astronics Corporation,81.5000,Industrials,Aerospace & Defense,Mid,76.9400,-0.0100,0.0626,0.5641,1.3001,3.1122,2026-02-13
FLEX,Flex Ltd.,81.2000,Technology,Electronic Components,Large,64.2400,-0.0277,-0.0353,0.0791,0.3110,0.5155,2026-02-13
EL,"Estee Lauder Companies, Inc. (T",81.1000,Consumer Defensive,Household & Personal Products,Large,108.2400,0.0932,-0.0641,0.2082,0.1989,0.5810,2026-02-13
CALX,"Calix, Inc",81.0000,Technology,Software - Infrastructure,Mid,53.3200,-0.0405,-0.0969,-0.1158,-0.0637,0.3101,2026-02-13
COMP,"Compass, Inc.",80.9000,Real Estate,Real Estate Services,Mid,10.4100,-0.1911,-0.1732,0.0969,0.1856,0.3734,2026-02-13
AA,Alcoa Corporation,80.8000,Basic Materials,Aluminum,Large,59.9500,-0.0386,-0.0605,0.5698,0.9223,0.6690,2026-02-13
DG,Dollar General Corporation,80.7000,Consumer Defensive,Discount Stores,Large,153.8400,0.0439,0.0139,0.4828,0.3783,1.1586,2026-02-13
CGNX,Cognex Corporation,80.4000,Technology,Scientific & Technical Instruments,Mid,58.7900,0.3447,0.4484,0.5868,0.3799,0.7488,2026-02-13
DYN,"Dyne Therapeutics, Inc.",79.9000,Healthcare,Biotechnology,Mid,15.5400,-0.0853,-0.0536,-0.1747,0.2553,0.1060,2026-02-13
AMAT,"Applied Materials, Inc.",79.8000,Technology,Semiconductor Equipment & Materials,Mega,354.9100,0.0736,0.1123,0.5930,1.2047,0.9453,2026-02-13
APP,Applovin Corporation,79.6000,Communication Services,Advertising Agencies,Large,390.5500,-0.1517,-0.3566,-0.2978,-0.1097,-0.1720,2026-02-13
DXPE,"DXP Enterprises, Inc.",79.5000,Industrials,Industrial Distribution,Mid,148.5500,-0.0204,0.2308,0.6942,0.2701,0.5161,2026-02-13
ENS,EnerSys,79.5000,Industrials,Electrical Equipment & Parts,Mid,179.2000,0.0164,0.0722,0.3049,0.8301,0.7722,2026-02-13
FTI,TechnipFMC plc,79.5000,Energy,Oil & Gas Equipment & Services,Large,61.3600,0.0232,0.1730,0.4234,0.7582,1.0386,2026-02-13
ADEA,Adeia Inc.,79.1000,Technology,Software - Application,Mid,18.8100,-0.0203,-0.0188,0.4375,0.2650,0.4450,2026-02-13
AMTM,"Amentum Holdings, Inc.",79.0000,Industrials,Specialty Business Services,Mid,31.0000,-0.1528,-0.1035,0.3989,0.2311,0.5649,2026-02-13
FSLR,"First Solar, Inc.",78.9000,Technology,Solar,Large,225.6500,0.0158,-0.0738,-0.1206,0.1285,0.4073,2026-02-13
BKD,Brookdale Senior Living Inc.,78.4000,Healthcare,Medical Care Facilities,Mid,16.5100,0.0141,0.4676,0.5967,1.2585,2.1092,2026-02-13
DY,"Dycom Industries, Inc.",78.4000,Industrials,Engineering & Construction,Large,427.4800,0.0294,0.1691,0.5122,0.5870,1.3055,2026-02-13
CHRW,"C.H. Robinson Worldwide, Inc.",78.3000,Industrials,Integrated Freight & Logistics,Large,176.0100,-0.1213,0.0039,0.1652,0.4647,0.8239,2026-02-13
DINO,HF Sinclair Corporation,78.1000,Energy,Oil & Gas Refining & Marketing,Large,58.5300,0.0057,0.1748,0.0930,0.3319,0.6666,2026-02-13
ATI,ATI Inc.,78.0000,Industrials,Metal Fabrication,Large,143.9300,0.0610,0.1479,0.4603,0.9863,1.3506,2026-02-13
CLF,Cleveland-Cliffs Inc.,77.7000,Basic Materials,Steel,Mid,10.3800,-0.1568,-0.2741,-0.0124,-0.0029,-0.0887,2026-02-13
CW,Curtiss-Wright Corporation,77.5000,Industrials,Aerospace & Defense,Large,684.2200,0.0465,0.0357,0.2533,0.4052,1.0287,2026-02-13
CAT,"Caterpillar, Inc.",77.4000,Industrials,Farm & Heavy Construction Machinery,Mega,774.2000,0.0432,0.1991,0.4019,0.9084,1.2190,2026-02-13
AIR,AAR Corp.,77.4000,Industrials,Aerospace & Defense,Mid,112.9800,-0.0119,0.0685,0.4108,0.4988,0.7079,2026-02-13
ANET,"Arista Networks, Inc.",77.3000,Technology,Computer Hardware,Large,141.5900,-0.0011,0.0842,0.0866,0.0312,0.2901,2026-02-13
CRS,Carpenter Technology Corporatio,77.2000,Industrials,Metal Fabrication,Large,379.8000,0.0405,0.1173,0.1703,0.5654,1.0806,2026-02-13
EVR,Evercore Inc.,77.1000,Financial Services,Capital Markets,Large,322.2800,-0.1039,-0.1588,0.0539,0.0528,0.2203,2026-02-13
AMR,"Alpha Metallurgical Resources, ",77.0000,Basic Materials,Coking Coal,Mid,185.5200,-0.0882,-0.2569,0.1636,0.2645,0.0055,2026-02-13
CRSP,CRISPR Therapeutics AG,76.1000,Healthcare,Biotechnology,Mid,53.0700,0.0678,-0.0210,0.0383,-0.1115,0.2203,2026-02-13
BC,Brunswick Corporation,76.1000,Consumer Cyclical,Recreational Vehicles,Mid,87.0400,-0.0009,-0.0190,0.3694,0.3939,0.3777,2026-02-13
CRNX,"Crinetics Pharmaceuticals, Inc.",75.9000,Healthcare,Biotechnology,Mid,42.7000,-0.0719,-0.2433,0.0307,0.3900,0.2110,2026-02-13
BWA,BorgWarner Inc.,75.9000,Consumer Cyclical,Auto Parts,Large,62.8000,0.1907,0.2922,0.3887,0.5283,1.1683,2026-02-13
AS,"Amer Sports, Inc.",75.6000,Consumer Cyclical,Leisure,Large,39.8100,0.0068,0.0676,0.3091,0.0284,0.2892,2026-02-13
BOOT,"Boot Barn Holdings, Inc.",75.4000,Consumer Cyclical,Apparel Retail,Mid,187.9900,-0.0767,0.0031,0.0471,0.1604,0.3950,2026-02-13
CYTK,"Cytokinetics, Incorporated",75.2000,Healthcare,Biotechnology,Mid,66.2600,0.0458,0.0445,0.0113,0.7135,0.5920,2026-02-13
CRL,Charles River Laboratories Inte,75.2000,Healthcare,Diagnostics & Research,Mid,161.3500,-0.1311,-0.2780,-0.0465,0.0298,0.0534,2026-02-13
BA,Boeing Company (The),74.9000,Industrials,Aerospace & Defense,Large,242.9600,-0.0072,-0.0193,0.2486,0.0327,0.3102,2026-02-13
EXAS,Exact Sciences Corporation,74.7000,Healthcare,Diagnostics & Research,Large,103.2400,-0.0008,0.0088,0.5238,1.2640,1.0407,2026-02-13
DBD,Diebold Nixdorf Incorporated,74.6000,Technology,Software - Application,Mid,80.3000,0.1315,0.1440,0.2299,0.2968,0.7085,2026-02-13
AMG,"Affiliated Managers Group, Inc.",74.4000,Financial Services,Asset Management,Mid,329.7900,0.0826,0.0235,0.2728,0.5080,0.9578,2026-02-13
GNRC,Generac Holdlings Inc.,74.3000,Industrials,Specialty Industrial Machinery,Large,224.4500,0.2078,0.3904,0.4515,0.1290,0.5286,2026-02-13
BTSG,"BrightSpring Health Services, I",74.2000,Healthcare,Health Information Services,Mid,38.8600,-0.0226,-0.0187,0.2239,0.7317,0.7600,2026-02-13
GOOGL,Alphabet Inc.,74.0000,Communication Services,Internet Content & Information,Mega,305.7200,-0.0574,-0.0813,0.0982,0.5017,0.6489,2026-02-13
CACI,"CACI International, Inc.",73.8000,Technology,Information Technology Services,Large,573.3000,-0.1004,-0.0864,-0.0238,0.1731,0.6714,2026-02-13
GOOG,Alphabet Inc.,73.8000,Communication Services,Internet Content & Information,Mega,306.0200,-0.0567,-0.0815,0.0971,0.4957,0.6351,2026-02-13
CMI,Cummins Inc.,73.7000,Industrials,Specialty Industrial Machinery,Large,601.0100,-0.0006,0.0455,0.2912,0.5189,0.6599,2026-02-13
ELF,"e.l.f. Beauty, Inc.",73.3000,Consumer Defensive,Household & Personal Products,Mid,81.5000,0.0945,-0.0861,0.0956,-0.2996,0.0874,2026-02-13
FOLD,"Amicus Therapeutics, Inc.",73.3000,Healthcare,Biotechnology,Mid,14.3100,0.0007,0.0000,0.5256,0.9338,0.4844,2026-02-13
EXPE,"Expedia Group, Inc.",73.3000,Consumer Cyclical,Travel Services,Large,212.6700,-0.1006,-0.2773,-0.2032,0.0289,0.0551,2026-02-13
BEPC,Brookfield Renewable Corporatio,72.8000,Utilities,Utilities - Renewable,Mid,43.8400,0.0224,0.1302,0.0554,0.3371,0.6704,2026-02-13
BEAM,Beam Therapeutics Inc.,72.7000,Healthcare,Biotechnology,Mid,27.9200,0.0235,-0.1289,0.2890,0.5668,-0.0241,2026-02-13
CWK,Cushman & Wakefield Ltd.,72.6000,Real Estate,Real Estate Services,Mid,12.8900,-0.2102,-0.2449,-0.1700,-0.1279,-0.0008,2026-02-13
FLS,Flowserve Corporation,72.5000,Industrials,Specialty Industrial Machinery,Large,89.6900,0.0477,0.1706,0.3229,0.7162,0.4515,2026-02-13
ALHC,"Alignment Healthcare, Inc.",72.3000,Healthcare,Healthcare Plans,Mid,20.1900,-0.0275,-0.1027,0.2039,0.3415,0.4557,2026-02-13
CTRI,"Centuri Holdings, Inc.",72.2000,Utilities,Utilities - Regulated Gas,Mid,31.0100,0.0378,0.1623,0.4809,0.5216,0.4945,2026-02-13
DOCN,"DigitalOcean Holdings, Inc.",72.0000,Technology,Software - Infrastructure,Mid,68.1600,0.0528,0.2890,0.5083,1.1959,0.4869,2026-02-13
ENVA,"Enova International, Inc.",71.4000,Financial Services,Credit Services,Mid,149.1200,-0.0606,-0.0394,0.1675,0.3939,0.3460,2026-02-13
ADI,"Analog Devices, Inc.",71.3000,Technology,Semiconductors,Large,337.1000,0.0438,0.1159,0.4242,0.4663,0.6369,2026-02-13
AZZ,AZZ Inc.,71.2000,Industrials,Specialty Business Services,Mid,140.2400,0.0523,0.1399,0.4386,0.2496,0.4337,2026-02-13
CG,The Carlyle Group Inc.,71.1000,Financial Services,Asset Management,Large,54.4900,-0.0738,-0.1706,0.0268,-0.1307,0.1034,2026-02-13
BG,Bunge Limited,71.0000,Consumer Defensive,Farm Products,Large,122.5300,0.0327,0.1259,0.2738,0.5225,0.8171,2026-02-13
BLD,TopBuild Corp.,70.9000,Industrials,Engineering & Construction,Large,550.9000,0.0546,0.1003,0.2980,0.2749,0.6841,2026-02-13
APTV,Aptiv PLC,70.9000,Consumer Cyclical,Auto Parts,Large,85.2000,0.0220,0.0314,0.0512,0.1486,0.2829,2026-02-13
CVI,CVR Energy Inc.,70.8000,Energy,Oil & Gas Refining & Marketing,Mid,23.1700,-0.0635,-0.0465,-0.3631,-0.1438,0.2717,2026-02-13
CCL,Carnival Corporation,70.7000,Consumer Cyclical,Travel Services,Large,31.7700,-0.0272,0.0841,0.2210,0.0725,0.2342,2026-02-13
DIOD,Diodes Incorporated,70.7000,Technology,Semiconductors,Mid,71.0700,0.1630,0.2366,0.5793,0.3473,0.3404,2026-02-13
ENTG,"Entegris, Inc.",70.7000,Technology,Semiconductor Equipment & Materials,Large,131.4300,0.0739,0.1585,0.6227,0.7075,0.2126,2026-02-13
AMRX,"Amneal Pharmaceuticals, Inc.",70.5000,Healthcare,Drug Manufacturers - Specialty & Generic,Mid,14.8200,0.0207,0.1236,0.2865,0.5683,0.8736,2026-02-13
CLMT,"Calumet, Inc",70.4000,Basic Materials,Specialty Chemicals,Mid,28.6100,0.1106,0.3915,0.5625,1.1037,0.7287,2026-02-13
AHR,"American Healthcare REIT, Inc.",70.3000,Real Estate,REIT - Healthcare Facilities,Mid,51.8000,0.0490,0.0796,0.0795,0.2951,0.8722,2026-02-13
GM,General Motors Company,70.1000,Consumer Cyclical,Auto Manufacturers,Large,81.0800,0.0050,0.0021,0.1301,0.4465,0.7106,2026-02-13
AX,"Axos Financial, Inc.",69.9000,Financial Services,Banks - Regional,Mid,97.2800,-0.0188,0.0369,0.2183,0.1047,0.3824,2026-02-13
APG,APi Group Corporation,69.6000,Industrials,Engineering & Construction,Large,44.4100,-0.0089,0.0440,0.1833,0.2588,0.7778,2026-02-13
CVCO,"Cavco Industries, Inc.",69.6000,Consumer Cyclical,Residential Construction,Mid,590.3800,0.0653,-0.1478,0.0730,0.2294,0.1029,2026-02-13
ANDE,"The Andersons, Inc.",69.5000,Consumer Defensive,Food Distribution,Mid,69.0300,0.0251,0.1806,0.4104,0.8266,0.7236,2026-02-13
GE,GE Aerospace,69.4000,Industrials,Aerospace & Defense,Mega,315.4100,-0.0042,-0.0142,0.0381,0.1803,0.5224,2026-02-13
ACAD,ACADIA Pharmaceuticals Inc.,69.3000,Healthcare,Biotechnology,Mid,22.0300,-0.0512,-0.1696,-0.0681,-0.1303,0.1143,2026-02-13
ESE,ESCO Technologies Inc.,69.2000,Technology,Scientific & Technical Instruments,Mid,268.4100,-0.0020,0.2264,0.2386,0.4503,0.6344,2026-02-13
COCO,"The Vita Coco Company, Inc.",69.1000,Consumer Defensive,Beverages - Non-Alcoholic,Mid,56.5800,-0.0313,0.0734,0.3118,0.7109,0.4040,2026-02-13
CEG,Constellation Energy Corporatio,69.1000,Utilities,Utilities - Independent Power Producers,Large,288.4300,0.0598,-0.1547,-0.1399,-0.1028,-0.0688,2026-02-13
CUBI,"Customers Bancorp, Inc",69.1000,Financial Services,Banks - Regional,Mid,72.7300,-0.0363,-0.0762,0.0842,0.1040,0.2898,2026-02-13
C,"Citigroup, Inc.",68.9000,Financial Services,Banks - Diversified,Large,110.8600,-0.1043,-0.0513,0.1070,0.1965,0.3854,2026-02-13
FBNC,First Bancorp,68.8000,Financial Services,Banks - Regional,Mid,60.9300,-0.0134,0.0591,0.2246,0.1771,0.4346,2026-02-13
CMC,Commercial Metals Company,68.8000,Basic Materials,Steel,Mid,79.6400,-0.0401,0.0532,0.3410,0.4219,0.5670,2026-02-13
ALNY,"Alnylam Pharmaceuticals, Inc.",68.6000,Healthcare,Biotechnology,Large,314.4000,-0.0175,-0.1249,-0.3074,-0.2996,0.1869,2026-02-13
BEN,"Franklin Resources, Inc.",68.5000,Financial Services,Asset Management,Large,27.0300,-0.0235,0.0408,0.2293,0.0968,0.4150,2026-02-13
ADM,Archer-Daniels-Midland Company,68.4000,Consumer Defensive,Farm Products,Large,69.5100,0.0321,0.0442,0.1915,0.1832,0.5800,2026-02-13
APA,APA Corporation,68.3000,Energy,Oil & Gas E&P,Mid,27.9200,0.0156,0.0836,0.1416,0.3917,0.3056,2026-02-13
ALGT,Allegiant Travel Company,67.9000,Industrials,Airlines,Mid,111.3000,-0.0231,0.2524,0.6734,0.8618,0.3648,2026-02-13
BPOP,"Popular, Inc.",67.8000,Financial Services,Banks - Regional,Mid,142.6300,-0.0318,0.1070,0.2405,0.2239,0.4227,2026-02-13
FSS,Federal Signal Corporation,67.6000,Industrials,Pollution & Treatment Controls,Mid,120.4900,0.0320,0.0307,0.0956,-0.0305,0.2480,2026-02-13
AES,The AES Corporation,67.5000,Utilities,Utilities - Diversified,Large,16.2800,0.0137,0.1408,0.2050,0.2534,0.6974,2026-02-13
FERG,Ferguson Enterprises Inc.,67.5000,Industrials,Industrial Distribution,Large,261.3600,-0.0010,0.0460,0.0791,0.1389,0.4481,2026-02-13
EWTX,"Edgewise Therapeutics, Inc.",67.5000,Healthcare,Biotechnology,Mid,30.0100,-0.0079,0.1282,0.4696,1.1208,0.1533,2026-02-13
ATMU,Atmus Filtration Technologies I,67.3000,Consumer Cyclical,Auto Parts,Mid,64.1200,0.0325,0.1208,0.3184,0.4792,0.6083,2026-02-13
CFG,"Citizens Financial Group, Inc.",67.2000,Financial Services,Banks - Regional,Large,65.1000,-0.0384,0.0816,0.2678,0.3701,0.4654,2026-02-13
DELL,Dell Technologies Inc.,67.1000,Technology,Computer Hardware,Large,117.4900,-0.0283,-0.0138,-0.1190,-0.1436,0.0854,2026-02-13
AXSM,"Axsome Therapeutics, Inc.",67.0000,Healthcare,Biotechnology,Mid,181.2100,-0.0110,0.0406,0.3189,0.6592,0.3761,2026-02-13
CC,Chemours Company (The),66.9000,Basic Materials,Specialty Chemicals,Mid,20.5200,0.0840,0.3188,0.6845,0.4137,0.1977,2026-02-13
AGCO,AGCO Corporation,66.8000,Industrials,Farm & Heavy Construction Machinery,Large,140.4900,0.0541,0.2429,0.3307,0.2576,0.5123,2026-02-13
BFH,"Bread Financial Holdings, Inc.",66.8000,Financial Services,Credit Services,Mid,72.3700,-0.0710,0.0243,0.1703,0.2166,0.1988,2026-02-13
DD,"DuPont de Nemours, Inc.",66.8000,Basic Materials,Specialty Chemicals,Large,50.2200,0.0662,0.1574,0.2433,0.6595,0.4589,2026-02-13
CPRI,Capri Holdings Limited,66.7000,Consumer Cyclical,Luxury Goods,Mid,20.4200,0.0179,-0.2045,-0.0555,-0.0248,-0.0977,2026-02-13
CAH,"Cardinal Health, Inc.",66.7000,Healthcare,Medical Distribution,Large,220.7900,-0.0220,0.0343,0.0742,0.4843,0.7634,2026-02-13
ASO,"Academy Sports and Outdoors, In",66.0000,Consumer Cyclical,Specialty Retail,Mid,58.5600,0.0033,0.0074,0.3120,0.0896,0.1038,2026-02-13
DHI,"D.R. Horton, Inc.",65.9000,Consumer Cyclical,Residential Construction,Large,167.7800,0.0930,0.0451,0.1734,0.0191,0.3125,2026-02-13
F,Ford Motor Company,65.7000,Consumer Cyclical,Auto Manufacturers,Large,14.1200,0.0503,0.0335,0.0748,0.2621,0.6396,2026-02-13
ENSG,"The Ensign Group, Inc.",65.4000,Healthcare,Medical Care Facilities,Large,213.3400,0.0705,0.1624,0.2037,0.2848,0.6492,2026-02-13
ESI,Element Solutions Inc.,65.4000,Basic Materials,Specialty Chemicals,Mid,32.3600,0.0469,0.1014,0.2144,0.3056,0.2566,2026-02-13
DHT,"DHT Holdings, Inc.",65.3000,Energy,Oil & Gas Midstream,Mid,15.9100,0.0685,0.1980,0.1707,0.4205,0.4730,2026-02-13
CRUS,"Cirrus Logic, Inc.",65.2000,Technology,Semiconductors,Mid,144.6300,0.0358,0.1732,0.2095,0.3023,0.3523,2026-02-13
BHE,"Benchmark Electronics, Inc.",64.8000,Technology,Electronic Components,Mid,59.2300,0.0071,0.1958,0.3764,0.5299,0.4435,2026-02-13
GAP,"Gap, Inc. (The)",64.8000,Consumer Cyclical,Apparel Retail,Large,27.6700,0.0000,0.0143,0.1461,0.3562,0.2384,2026-02-13
DCI,"Donaldson Company, Inc.",64.7000,Industrials,Specialty Industrial Machinery,Large,109.4600,0.0051,0.0896,0.2716,0.5005,0.5844,2026-02-13
BANC,"Banc of California, Inc.",64.6000,Financial Services,Banks - Regional,Mid,20.0000,-0.0476,-0.0417,0.1817,0.3005,0.2933,2026-02-13
CASY,"Caseys General Stores, Inc.",64.6000,Consumer Cyclical,Specialty Retail,Large,665.8600,0.0105,0.0457,0.2419,0.3138,0.5110,2026-02-13
CRC,California Resources Corporatio,64.6000,Energy,Oil & Gas E&P,Mid,56.9200,0.0199,0.2057,0.1744,0.1996,0.2733,2026-02-13
AAP,Advance Auto Parts Inc.,64.3000,Consumer Cyclical,Auto Parts,Mid,58.8500,0.0642,0.3776,0.1788,0.0467,0.2392,2026-02-13
CWEN,"Clearway Energy, Inc.",64.0000,Utilities,Utilities - Renewable,Mid,40.7800,0.0435,0.1526,0.1605,0.4081,0.6434,2026-02-13
ARW,"Arrow Electronics, Inc.",63.9000,Technology,Electronics & Computer Distribution,Mid,156.1900,-0.0121,0.3164,0.4172,0.2625,0.4433,2026-02-13
ALV,"Autoliv, Inc.",63.7000,Consumer Cyclical,Auto Parts,Mid,124.9800,0.0113,-0.0355,0.0168,0.0631,0.3428,2026-02-13
GRBK,"Green Brick Partners, Inc.",63.7000,Consumer Cyclical,Residential Construction,Mid,80.5900,0.0778,0.0863,0.2651,0.1641,0.3354,2026-02-13
EWBC,"East West Bancorp, Inc.",63.4000,Financial Services,Banks - Regional,Large,117.8300,-0.0386,0.0250,0.1437,0.1796,0.2383,2026-02-13
GOLF,Acushnet Holdings Corp.,63.3000,Consumer Cyclical,Leisure,Mid,99.5600,-0.0361,0.0692,0.2503,0.2808,0.4782,2026-02-13
FDX,FedEx Corporation,63.0000,Industrials,Integrated Freight & Logistics,Large,374.7200,0.0278,0.1966,0.4088,0.6679,0.4578,2026-02-13
FHI,"Federated Hermes, Inc.",62.9000,Financial Services,Asset Management,Mid,55.4400,0.0396,0.0448,0.1342,0.0457,0.4849,2026-02-13
BIIB,Biogen Inc.,62.8000,Healthcare,Drug Manufacturers - General,Large,196.5200,0.0140,0.1658,0.1930,0.4179,0.4194,2026-02-13
GEF,Greif Inc.,62.8000,Consumer Cyclical,Packaging & Containers,Mid,76.8200,0.0350,0.0668,0.2606,0.1565,0.3092,2026-02-13
EBAY,eBay Inc.,62.7000,Consumer Cyclical,Internet Retail,Large,82.3800,-0.0570,-0.1425,-0.0208,-0.1765,0.2076,2026-02-13
EAT,"Brinker International, Inc.",62.5000,Consumer Cyclical,Restaurants,Mid,161.0700,-0.0592,-0.0338,0.3748,0.0184,0.0054,2026-02-13
BKV,BKV Corporation,62.2000,Energy,Oil & Gas E&P,Mid,30.5500,0.0036,0.1980,0.1485,0.4262,0.2729,2026-02-13
BK,The Bank of New York Mellon Cor,62.1000,Financial Services,Banks - Diversified,Large,117.7400,-0.0773,-0.0460,0.0650,0.1767,0.3837,2026-02-13
FCFS,"FirstCash Holdings, Inc.",61.9000,Financial Services,Credit Services,Mid,181.8900,-0.0072,0.0762,0.1543,0.3359,0.5631,2026-02-13
CTRE,"CareTrust REIT, Inc.",61.9000,Real Estate,REIT - Healthcare Facilities,Mid,40.0100,0.0417,0.0678,0.1297,0.2028,0.5727,2026-02-13
DRS,"Leonardo DRS, Inc.",61.7000,Industrials,Aerospace & Defense,Large,38.1300,-0.0520,-0.0977,0.1072,-0.0805,0.1975,2026-02-13
FIBK,"First Interstate BancSystem, In",61.6000,Financial Services,Banks - Regional,Mid,37.6600,-0.0226,0.0228,0.2132,0.2876,0.2254,2026-02-13
BDC,Belden Inc,61.6000,Technology,Communication Equipment,Mid,149.6200,0.0628,0.2308,0.3363,0.2063,0.3102,2026-02-13
EXPD,Expeditors International of Was,61.4000,Industrials,Integrated Freight & Logistics,Large,146.5000,-0.1047,-0.1054,0.0638,0.2287,0.3153,2026-02-13
COR,"Cencora, Inc.",60.9000,Healthcare,Medical Distribution,Large,360.8300,-0.0050,0.0172,-0.0093,0.2364,0.4895,2026-02-13
AGYS,"Agilysys, Inc.",60.4000,Technology,Software - Application,Mid,81.5000,-0.0528,-0.2890,-0.3505,-0.2299,-0.0410,2026-02-13
CNR,"Core Natural Resources, Inc.",60.0000,Energy,Thermal Coal,Mid,91.5100,-0.0311,-0.0664,0.1096,0.2923,0.0804,2026-02-13
CAKE,The Cheesecake Factory Incorpor,60.0000,Consumer Cyclical,Restaurants,Mid,58.6700,-0.0759,-0.0342,0.2785,-0.0633,0.1405,2026-02-13
CR,Crane Company,59.8000,Industrials,Specialty Industrial Machinery,Large,200.5200,0.0027,-0.0309,0.0811,0.0625,0.1954,2026-02-13
BKR,Baker Hughes Company,59.8000,Energy,Oil & Gas Equipment & Services,Large,61.2000,0.0277,0.1769,0.2881,0.4367,0.3479,2026-02-13
AWI,Armstrong World Industries Inc,59.8000,Industrials,Building Products & Equipment,Mid,200.2800,0.0021,0.0192,0.0851,0.0335,0.3186,2026-02-13
ARCB,ArcBest Corporation,59.7000,Industrials,Trucking,Mid,104.4000,-0.0383,0.1424,0.6005,0.4653,0.1062,2026-02-13
DAL,"Delta Air Lines, Inc.",59.7000,Industrials,Airlines,Large,69.0000,-0.0800,-0.0328,0.1517,0.1489,0.0900,2026-02-13
BKU,"BankUnited, Inc.",59.6000,Financial Services,Banks - Regional,Mid,48.7300,-0.0370,0.0437,0.2396,0.3189,0.2476,2026-02-13
BCO,Brinks Company (The),59.5000,Industrials,Security & Protection Services,Mid,130.6900,0.0025,0.0493,0.1505,0.1907,0.4089,2026-02-13
BURL,"Burlington Stores, Inc.",59.3000,Consumer Cyclical,Apparel Retail,Large,302.3700,-0.0506,-0.0128,0.0682,0.0790,0.2175,2026-02-13
CLH,"Clean Harbors, Inc.",59.2000,Industrials,Waste Management,Large,273.8200,0.0232,0.0255,0.3403,0.1262,0.1850,2026-02-13
ACA,"Arcosa, Inc.",59.0000,Industrials,Engineering & Construction,Mid,127.4700,0.0072,0.1011,0.2551,0.3205,0.2708,2026-02-13
EA,Electronic Arts Inc.,59.0000,Communication Services,Electronic Gaming & Multimedia,Large,200.6200,-0.0012,-0.0173,-0.0026,0.1509,0.5528,2026-02-13
FTDR,"frontdoor, inc.",58.5000,Consumer Cyclical,Personal Services,Mid,56.6400,0.0165,-0.0669,0.0996,-0.0382,-0.0377,2026-02-13
ABCB,Ameris Bancorp,58.4000,Financial Services,Banks - Regional,Mid,84.0200,-0.0206,0.0321,0.1617,0.2072,0.2727,2026-02-13
AL,Air Lease Corporation,58.2000,Industrials,Rental & Leasing Services,Mid,64.7300,0.0025,0.0059,0.0165,0.1382,0.4183,2026-02-13
COF,Capital One Financial Corporati,58.1000,Financial Services,Credit Services,Large,207.3700,-0.0691,-0.1249,-0.0399,-0.0338,0.0644,2026-02-13
GNL,"Global Net Lease, Inc.",58.0000,Real Estate,REIT - Diversified,Mid,9.8500,0.0072,0.0649,0.2627,0.3789,0.5107,2026-02-13
ETN,"Eaton Corporation, PLC",57.9000,Industrials,Specialty Industrial Machinery,Large,389.2500,0.0323,0.1673,0.0994,0.1089,0.2773,2026-02-13
FNB,F.N.B. Corporation,57.8000,Financial Services,Banks - Regional,Mid,18.0700,-0.0449,0.0343,0.1483,0.1662,0.2091,2026-02-13
EE,"Excelerate Energy, Inc.",57.8000,Energy,Oil & Gas Midstream,Mid,41.8400,0.0814,0.2729,0.5835,0.7588,0.4194,2026-02-13
DAR,Darling Ingredients Inc.,57.7000,Consumer Defensive,Packaged Foods,Mid,50.9600,0.0529,0.2605,0.4716,0.6344,0.2586,2026-02-13
ALLE,Allegion plc,57.6000,Industrials,Security & Protection Services,Large,179.5000,0.0088,0.0979,0.0911,0.0738,0.3586,2026-02-13
DVN,Devon Energy Corporation,57.6000,Energy,Oil & Gas E&P,Large,44.6600,0.0271,0.2296,0.2827,0.3434,0.3415,2026-02-13
AVT,"Avnet, Inc.",57.4000,Technology,Electronics & Computer Distribution,Mid,65.7900,-0.0084,0.2860,0.4176,0.2476,0.3381,2026-02-13
FITB,Fifth Third Bancorp,57.3000,Financial Services,Banks - Regional,Large,52.8600,-0.0271,0.0783,0.2561,0.2661,0.2572,2026-02-13
EMR,Emerson Electric Company,57.0000,Industrials,Specialty Industrial Machinery,Large,148.1300,-0.0707,0.0046,0.1626,0.1335,0.2070,2026-02-13
BHF,"Brighthouse Financial, Inc.",56.6000,Financial Services,Insurance - Life,Mid,63.8400,0.0022,-0.0039,-0.0296,0.3975,0.0868,2026-02-13
FHN,First Horizon Corporation,56.5000,Financial Services,Banks - Regional,Large,24.5600,-0.0565,0.0049,0.1538,0.1386,0.1493,2026-02-13
GMED,"Globus Medical, Inc.",56.4000,Healthcare,Medical Devices,Large,88.0900,0.0057,-0.0618,0.0488,0.4544,0.0471,2026-02-13
CSCO,"Cisco Systems, Inc.",56.4000,Technology,Communication Equipment,Mega,76.8500,-0.1144,0.0213,-0.0015,0.1741,0.2330,2026-02-13
AUB,Atlantic Union Bankshares Corpo,56.4000,Financial Services,Banks - Regional,Mid,40.2300,-0.0277,0.0585,0.2547,0.2222,0.1163,2026-02-13
GD,General Dynamics Corporation,56.4000,Industrials,Aerospace & Defense,Large,347.6400,-0.0346,-0.0532,0.0145,0.1176,0.4395,2026-02-13
CNX,CNX Resources Corporation,55.9000,Energy,Oil & Gas E&P,Mid,40.6000,0.0416,0.1309,0.1033,0.4102,0.3316,2026-02-13
AGNC,AGNC Investment Corp.,55.8000,Real Estate,REIT - Mortgage,Large,11.3600,0.0018,-0.0175,0.1575,0.2643,0.2735,2026-02-13
ALLY,Ally Financial Inc.,55.7000,Financial Services,Credit Services,Large,40.8000,-0.0295,-0.0586,0.0480,0.0659,0.1294,2026-02-13
EPR,EPR Properties,55.4000,Real Estate,REIT - Specialty,Mid,58.4900,0.0363,0.0734,0.1695,0.1505,0.2828,2026-02-13
AMBA,"Ambarella, Inc.",55.3000,Technology,Semiconductor Equipment & Materials,Mid,66.2100,0.0147,0.0249,-0.2540,-0.0116,-0.1328,2026-02-13
GFF,Griffon Corporation,55.3000,Industrials,Building Products & Equipment,Mid,93.6000,-0.0129,0.0986,0.3270,0.2893,0.2384,2026-02-13
FAST,Fastenal Company,55.1000,Industrials,Industrial Distribution,Large,46.4100,-0.0024,0.0721,0.1452,-0.0403,0.2671,2026-02-13
BALL,Ball Corporation,55.0000,Consumer Cyclical,Packaging & Containers,Large,67.2900,0.0096,0.2040,0.4093,0.2594,0.3852,2026-02-13
DRH,Diamondrock Hospitality Company,54.4000,Real Estate,REIT - Hotel & Motel,Mid,9.8700,0.0357,0.0613,0.1149,0.2785,0.2074,2026-02-13
BRC,Brady Corporation,54.3000,Industrials,Security & Protection Services,Mid,96.3300,0.0376,0.1468,0.2840,0.3405,0.3255,2026-02-13
FBK,FB Financial Corporation,54.3000,Financial Services,Banks - Regional,Mid,59.0000,-0.0344,-0.0234,0.0843,0.1799,0.1465,2026-02-13
EIX,Edison International,54.1000,Utilities,Utilities - Regulated Electric,Large,71.4600,0.1202,0.1616,0.2274,0.3266,0.4742,2026-02-13
GILD,"Gilead Sciences, Inc.",53.7000,Healthcare,Drug Manufacturers - General,Large,154.9800,0.0218,0.2781,0.2460,0.3271,0.5035,2026-02-13
CRH,CRH PLC,53.6000,Basic Materials,Building Materials,Large,125.9700,-0.0069,0.0278,0.1332,0.1365,0.1921,2026-02-13
FOXA,Fox Corporation,53.4000,Communication Services,Entertainment,Large,56.3500,-0.1034,-0.2233,-0.1389,-0.0300,0.0258,2026-02-13
ANF,Abercrombie & Fitch Company,53.4000,Consumer Cyclical,Apparel Retail,Mid,93.7000,0.0098,-0.1293,0.3083,-0.0013,-0.1490,2026-02-13
AXP,American Express Company,53.4000,Financial Services,Credit Services,Mega,337.5000,-0.0616,-0.0556,-0.0726,0.1101,0.1092,2026-02-13
BOKF,BOK Financial Corporation,53.4000,Financial Services,Banks - Regional,Mid,134.2200,-0.0158,0.0511,0.2461,0.2942,0.2334,2026-02-13
CNM,"Core & Main, Inc.",53.3000,Industrials,Industrial Distribution,Large,58.1800,0.0257,0.0055,0.2088,-0.0926,0.0766,2026-02-13
DTM,"DT Midstream, Inc.",53.2000,Energy,Oil & Gas Midstream,Large,133.2100,0.0180,0.1383,0.1838,0.3069,0.3540,2026-02-13
CVS,CVS Health Corporation,53.2000,Healthcare,Healthcare Plans,Large,78.4800,0.0358,-0.0275,-0.0014,0.1629,0.2276,2026-02-13
BLK,"BlackRock, Inc.",52.8000,Financial Services,Asset Management,Large,1071.5100,-0.0078,-0.0736,0.0066,-0.0469,0.1154,2026-02-13
CRK,"Comstock Resources, Inc.",52.8000,Energy,Oil & Gas E&P,Mid,19.0200,-0.0882,-0.0878,-0.2401,0.1932,0.0468,2026-02-13
ES,Eversource Energy (D/B/A),52.7000,Utilities,Utilities - Regulated Electric,Large,73.3600,0.0847,0.0527,0.0067,0.1449,0.2300,2026-02-13
CRWD,"CrowdStrike Holdings, Inc.",52.7000,Technology,Software - Infrastructure,Large,429.6400,0.0529,-0.0557,-0.1890,0.0041,-0.0532,2026-02-13
COLB,"Columbia Banking System, Inc.",52.4000,Financial Services,Banks - Regional,Mid,31.4900,-0.0287,0.0766,0.1874,0.2611,0.2115,2026-02-13
BAC,Bank of America Corporation,52.4000,Financial Services,Banks - Diversified,Mega,52.5500,-0.0684,-0.0008,-0.0009,0.1316,0.1605,2026-02-13
ARR,"ARMOUR Residential REIT, Inc.",52.4000,Real Estate,REIT - Mortgage,Mid,18.3000,0.0463,-0.0276,0.1527,0.3069,0.1337,2026-02-13
ALG,"Alamo Group, Inc.",52.0000,Industrials,Farm & Heavy Construction Machinery,Mid,210.8400,0.0122,0.0941,0.2750,-0.0482,0.1458,2026-02-13
CSX,CSX Corporation,52.0000,Industrials,Railroads,Large,40.8700,0.0037,0.1259,0.1761,0.1339,0.2545,2026-02-13
EXEL,"Exelixis, Inc.",52.0000,Healthcare,Biotechnology,Large,43.9200,-0.0007,-0.0335,0.0371,0.1464,0.2734,2026-02-13
ACLX,"Arcellx, Inc.",51.9000,Healthcare,Biotechnology,Mid,68.5000,-0.0044,0.0026,-0.2164,-0.0753,0.0752,2026-02-13
DDOG,"Datadog, Inc.",51.8000,Technology,Software - Application,Large,125.2000,0.0981,0.0359,-0.3268,-0.0161,-0.0787,2026-02-13
BBWI,"Bath & Body Works, Inc.",51.8000,Consumer Cyclical,Specialty Retail,Mid,24.0700,0.0415,0.0286,0.1086,-0.1442,-0.3178,2026-02-13
CTVA,"Corteva, Inc.",51.5000,Basic Materials,Agricultural Inputs,Large,75.0300,0.0192,0.0643,0.1364,0.0509,0.2059,2026-02-13
AAL,"American Airlines Group, Inc.",51.2000,Industrials,Airlines,Mid,13.8800,-0.0740,-0.1165,0.0620,0.0539,-0.1182,2026-02-13
ALSN,"Allison Transmission Holdings, ",51.2000,Consumer Cyclical,Auto Parts,Mid,117.7900,0.0245,0.0559,0.4360,0.3626,0.1729,2026-02-13
CSL,Carlisle Companies Incorporated,51.0000,Industrials,Building Products & Equipment,Large,409.0400,0.0182,0.1171,0.2992,0.0793,0.1476,2026-02-13
GNW,Genworth Financial Inc,50.9000,Financial Services,Insurance - Life,Mid,8.9200,0.0045,0.0747,0.0544,0.0708,0.2270,2026-02-13
GPC,Genuine Parts Company,50.9000,Consumer Cyclical,Auto Parts,Large,147.1600,0.0078,0.0808,0.1613,0.0843,0.2183,2026-02-13
FOX,Fox Corporation,50.9000,Communication Services,Entertainment,Large,51.5600,-0.0915,-0.2143,-0.1254,-0.0294,-0.0016,2026-02-13
AFRM,"Affirm Holdings, Inc.",50.6000,Financial Services,Credit Services,Large,49.8100,-0.1405,-0.3064,-0.3193,-0.3673,-0.3717,2026-02-13
CF,"CF Industries Holdings, Inc.",50.6000,Basic Materials,Agricultural Inputs,Large,94.6600,0.0024,0.0989,0.1352,0.1145,0.1964,2026-02-13
BNL,"Broadstone Net Lease, Inc.",50.5000,Real Estate,REIT - Diversified,Mid,19.6400,0.0150,0.0593,0.0979,0.2098,0.3464,2026-02-13
AAPL,Apple Inc.,50.5000,Technology,Consumer Electronics,Mega,255.7800,-0.0686,-0.0085,-0.0620,0.1066,0.0636,2026-02-13
EBC,"Eastern Bankshares, Inc.",50.5000,Financial Services,Banks - Regional,Mid,21.6100,-0.0164,0.1048,0.2493,0.3905,0.2059,2026-02-13
CCK,"Crown Holdings, Inc.",50.3000,Consumer Cyclical,Packaging & Containers,Large,110.7900,0.0045,0.0574,0.0973,0.1046,0.2665,2026-02-13
DNLI,Denali Therapeutics Inc.,50.3000,Healthcare,Biotechnology,Mid,18.7700,-0.0993,-0.0005,0.0945,0.2769,-0.1192,2026-02-13
AME,"AMETEK, Inc.",50.2000,Industrials,Specialty Industrial Machinery,Large,229.7600,-0.0156,0.0686,0.1853,0.2709,0.2542,2026-02-13
CDNS,"Cadence Design Systems, Inc.",50.2000,Technology,Software - Application,Large,299.4600,0.0291,-0.0659,-0.0523,-0.1441,0.0111,2026-02-13
AVNT,Avient Corporation,50.1000,Basic Materials,Specialty Chemicals,Mid,42.7500,0.0959,0.1875,0.4304,0.2253,0.0262,2026-02-13
CBRE,CBRE Group Inc,50.1000,Real Estate,Real Estate Services,Large,142.3100,-0.1677,-0.1669,-0.0709,-0.1046,-0.0057,2026-02-13
CSGS,"CSG Systems International, Inc.",50.1000,Technology,Software - Infrastructure,Mid,79.6600,0.0005,0.0023,0.0191,0.2914,0.2773,2026-02-13
FLR,Fluor Corporation,50.1000,Industrials,Engineering & Construction,Mid,45.4800,-0.0574,0.0470,0.0567,0.0860,0.0122,2026-02-13
GLNG,Golar LNG Limited,50.0000,Energy,Oil & Gas Midstream,Mid,43.4400,0.0060,0.0989,0.1528,0.0882,0.0882,2026-02-13
CCS,"Century Communities, Inc.",49.9000,Real Estate,Real Estate - Development,Mid,74.8400,0.0717,0.0826,0.2757,0.1538,0.0623,2026-02-13
DX,"Dynex Capital, Inc.",49.9000,Real Estate,REIT - Mortgage,Mid,14.0500,0.0093,-0.0031,0.0678,0.2065,0.2197,2026-02-13
ENPH,"Enphase Energy, Inc.",49.9000,Technology,Solar,Mid,43.4900,-0.1354,0.2299,0.5043,0.2483,-0.3052,2026-02-13
CFLT,"Confluent, Inc.",49.9000,Technology,Software - Infrastructure,Large,30.5600,-0.0007,0.0010,0.3060,0.7178,-0.1565,2026-02-13
DE,Deere & Company,49.7000,Industrials,Farm & Heavy Construction Machinery,Large,602.9200,0.0295,0.1706,0.2780,0.2421,0.3109,2026-02-13
COKE,"Coca-Cola Consolidated, Inc.",49.7000,Consumer Defensive,Beverages - Non-Alcoholic,Large,161.9100,0.0507,0.0751,0.0044,0.4374,0.1187,2026-02-13
FLG,"Flagstar Bank, N.A.",49.5000,Financial Services,Banks - Regional,Mid,14.1800,-0.0014,0.0916,0.2819,0.1895,0.1372,2026-02-13
CE,Celanese Corporation,49.3000,Basic Materials,Chemicals,Mid,58.8500,0.0694,0.2484,0.4724,0.3863,-0.0966,2026-02-13
ABBV,AbbVie Inc.,49.1000,Healthcare,Drug Manufacturers - General,Mega,231.5000,0.0369,0.0766,0.0046,0.1372,0.2368,2026-02-13
GFS,GlobalFoundries Inc.,48.8000,Technology,Semiconductors,Large,48.9900,0.1256,0.1796,0.4972,0.4814,0.1441,2026-02-13
GHC,Graham Holdings Company,48.6000,Consumer Defensive,Education & Training Services,Mid,1057.6801,-0.0545,-0.0782,-0.0065,-0.0035,0.1147,2026-02-13
ASB,Associated Banc-Corp,48.6000,Financial Services,Banks - Regional,Mid,27.8500,-0.0475,0.0431,0.1074,0.1408,0.1551,2026-02-13
BIPC,Brookfield Infrastructure Corpo,48.6000,Utilities,Utilities - Regulated Gas,Mid,49.5600,-0.0068,0.1102,0.0914,0.3059,0.2301,2026-02-13
CBOE,"Cboe Global Markets, Inc.",48.5000,Financial Services,Financial Data & Stock Exchanges,Large,275.1100,-0.0205,0.0158,0.0583,0.1110,0.3289,2026-02-13
CATY,Cathay General Bancorp,48.3000,Financial Services,Banks - Regional,Mid,53.3300,-0.0164,0.0496,0.1432,0.1432,0.1785,2026-02-13
CSW,"CSW Industrials, Inc.",48.2000,Industrials,Specialty Industrial Machinery,Mid,309.4800,0.0228,-0.0582,0.2567,0.1948,-0.0212,2026-02-13
AMGN,Amgen Inc.,48.2000,Healthcare,Drug Manufacturers - General,Large,369.1900,-0.0108,0.1264,0.1143,0.2731,0.2926,2026-02-13
FULT,Fulton Financial Corporation,48.1000,Financial Services,Banks - Regional,Mid,22.0300,-0.0304,0.0922,0.2603,0.2135,0.1103,2026-02-13
ACT,"Enact Holdings, Inc.",48.0000,Financial Services,Insurance - Specialty,Mid,43.2900,0.0212,0.1198,0.1577,0.1692,0.3216,2026-02-13
BKH,Black Hills Corporation,48.0000,Utilities,Utilities - Regulated Gas,Mid,74.0500,0.0360,0.0124,0.0636,0.2269,0.2827,2026-02-13
DRI,"Darden Restaurants, Inc.",47.9000,Consumer Cyclical,Restaurants,Large,211.5000,-0.0299,-0.0132,0.2147,0.0360,0.1261,2026-02-13
CHEF,"The Chefs' Warehouse, Inc.",47.8000,Consumer Defensive,Food Distribution,Mid,68.4400,0.0232,0.0603,0.1503,0.1119,0.0833,2026-02-13
AOS,A.O. Smith Corporation,47.6000,Industrials,Specialty Industrial Machinery,Large,80.4600,0.0175,0.1232,0.2235,0.1258,0.2440,2026-02-13
ETSY,"Etsy, Inc.",47.4000,Consumer Cyclical,Internet Retail,Mid,45.7300,-0.1701,-0.2813,-0.2180,-0.3116,-0.1734,2026-02-13
BYD,Boyd Gaming Corporation,47.2000,Consumer Cyclical,Resorts & Casinos,Mid,81.9900,-0.0099,-0.0845,0.0168,-0.0046,0.0601,2026-02-13
DOV,Dover Corporation,47.1000,Industrials,Specialty Industrial Machinery,Large,231.6300,0.0295,0.1252,0.2765,0.3195,0.1556,2026-02-13
AROC,"Archrock, Inc.",46.7000,Energy,Oil & Gas Equipment & Services,Mid,32.6600,0.0165,0.2561,0.3987,0.3896,0.2235,2026-02-13
AM,Antero Midstream Corporation,46.6000,Energy,Oil & Gas Midstream,Large,21.4500,0.0866,0.2169,0.2115,0.2273,0.3423,2026-02-13
ALK,"Alaska Air Group, Inc.",46.6000,Industrials,Airlines,Mid,55.2700,-0.0820,0.1130,0.3054,-0.0364,-0.2381,2026-02-13
CNC,Centene Corporation,46.5000,Healthcare,Healthcare Plans,Large,40.5800,0.0668,-0.1415,0.1244,0.4244,-0.2857,2026-02-13
GATX,GATX Corporation,46.2000,Industrials,Rental & Leasing Services,Mid,192.0600,0.0155,0.0850,0.2329,0.2369,0.1787,2026-02-13
FUL,H. B. Fuller Company,45.9000,Basic Materials,Specialty Chemicals,Mid,67.4900,0.0294,0.0668,0.1558,0.1531,0.1335,2026-02-13
GBCI,"Glacier Bancorp, Inc.",45.9000,Financial Services,Banks - Regional,Mid,51.2900,-0.0361,0.0599,0.2219,0.1460,0.0479,2026-02-13
AEP,American Electric Power Company,45.9000,Utilities,Utilities - Regulated Electric,Large,129.9400,0.0815,0.0969,0.0781,0.1787,0.3296,2026-02-13
CWAN,"Clearwater Analytics Holdings, ",45.8000,Technology,Software - Application,Mid,23.1500,-0.0281,-0.0430,0.2133,0.2032,-0.1658,2026-02-13
AN,"AutoNation, Inc.",45.5000,Consumer Cyclical,Auto & Truck Dealerships,Mid,201.7600,-0.0412,-0.0587,0.0251,-0.0214,0.0509,2026-02-13
APAM,Artisan Partners Asset Manageme,45.4000,Financial Services,Asset Management,Mid,42.5900,-0.0443,-0.0055,0.0374,-0.0279,0.0824,2026-02-13
FE,FirstEnergy Corp.,45.4000,Utilities,Utilities - Regulated Electric,Large,50.1000,0.0701,0.0861,0.1065,0.1749,0.2951,2026-02-13
GRMN,Garmin Ltd.,45.3000,Technology,Scientific & Technical Instruments,Large,214.7400,0.0423,0.0101,0.1056,-0.0683,0.0380,2026-02-13
A,"Agilent Technologies, Inc.",45.1000,Healthcare,Diagnostics & Research,Large,125.8100,-0.0133,-0.1313,-0.1420,0.0595,-0.0706,2026-02-13
BMY,Bristol-Myers Squibb Company,44.8000,Healthcare,Drug Manufacturers - General,Large,60.7400,-0.0005,0.0728,0.2638,0.2862,0.1400,2026-02-13
COP,ConocoPhillips,44.7000,Energy,Oil & Gas E&P,Large,111.4300,0.0251,0.1264,0.2577,0.1895,0.1897,2026-02-13
ATGE,Adtalem Global Education Inc.,44.7000,Consumer Defensive,Education & Training Services,Mid,95.5200,-0.0692,-0.1863,-0.0077,-0.2584,-0.0755,2026-02-13
DECK,Deckers Outdoor Corporation,44.6000,Consumer Cyclical,Footwear & Accessories,Large,115.7300,0.0107,0.1228,0.3927,0.1240,-0.2680,2026-02-13
CINF,Cincinnati Financial Corporatio,44.6000,Financial Services,Insurance - Property & Casualty,Large,162.7700,-0.0352,-0.0037,-0.0144,0.0892,0.2138,2026-02-13
AYI,Acuity Inc.,44.6000,Industrials,Electrical Equipment & Parts,Mid,305.5000,-0.0765,-0.0471,-0.1351,-0.0254,-0.0586,2026-02-13
FBP,First BanCorp. New,44.6000,Financial Services,Banks - Regional,Mid,22.4300,-0.0315,0.0462,0.1038,0.0691,0.1257,2026-02-13
CVX,Chevron Corporation,44.6000,Energy,Oil & Gas Integrated,Mega,183.7400,0.0062,0.1058,0.1942,0.2000,0.2334,2026-02-13
AKAM,"Akamai Technologies, Inc.",44.5000,Technology,Software - Infrastructure,Large,111.7600,0.1799,0.2210,0.2604,0.5017,0.1214,2026-02-13
BUSE,First Busey Corporation,44.2000,Financial Services,Banks - Regional,Mid,26.5500,-0.0314,0.0789,0.1656,0.1667,0.1074,2026-02-13
DOW,Dow Inc.,44.1000,Basic Materials,Chemicals,Large,32.4900,0.0128,0.1628,0.4268,0.4319,-0.0892,2026-02-13
AAON,"AAON, Inc.",44.1000,Industrials,Building Products & Equipment,Mid,101.0400,0.0226,0.1222,0.0628,0.2731,-0.1006,2026-02-13
CAVA,"CAVA Group, Inc.",44.0000,Consumer Cyclical,Restaurants,Mid,63.5000,-0.1239,-0.1181,0.3174,-0.0916,-0.5134,2026-02-13
CNH,CNH Industrial N.V.,43.9000,Industrials,Farm & Heavy Construction Machinery,Large,12.7500,0.0307,0.1784,0.2624,0.0459,0.0424,2026-02-13
DHR,Danaher Corporation,43.7000,Healthcare,Diagnostics & Research,Large,212.5800,-0.0188,-0.1138,-0.0376,0.0110,0.0507,2026-02-13
DLR,"Digital Realty Trust, Inc.",43.5000,Real Estate,REIT - Specialty,Large,180.9700,0.0514,0.1270,0.1537,0.1007,0.1319,2026-02-13
ETR,Entergy Corporation,43.5000,Utilities,Utilities - Regulated Electric,Large,105.0700,0.0705,0.1055,0.1201,0.1946,0.2967,2026-02-13
FANG,"Diamondback Energy, Inc.",43.4000,Energy,Oil & Gas E&P,Large,169.1400,0.0192,0.1215,0.1715,0.2146,0.1138,2026-02-13
BRKR,Bruker Corporation,43.3000,Healthcare,Medical Devices,Mid,36.5100,-0.1328,-0.2618,-0.1254,0.0920,-0.2827,2026-02-13
FCNCA,"First Citizens BancShares, Inc.",43.0000,Financial Services,Banks - Regional,Large,2005.8700,-0.0690,-0.0714,0.1003,0.0741,-0.0441,2026-02-13
EVRG,"Evergy, Inc.",42.9000,Utilities,Utilities - Regulated Electric,Large,82.6900,0.0718,0.0912,0.0932,0.1707,0.2852,2026-02-13
GKOS,Glaukos Corporation,42.9000,Healthcare,Medical Devices,Mid,109.4700,-0.0335,-0.0438,0.1924,0.2182,-0.2522,2026-02-13
ATKR,Atkore Inc.,42.8000,Industrials,Electrical Equipment & Parts,Mid,66.6600,0.0020,-0.0590,0.0335,0.1646,-0.0278,2026-02-13
D,"Dominion Energy, Inc.",42.7000,Utilities,Utilities - Regulated Electric,Large,66.5100,0.0665,0.1023,0.1050,0.1128,0.2287,2026-02-13
CDP,COPT Defense Properties,42.6000,Real Estate,REIT - Office,Mid,31.5400,-0.0104,0.0447,0.1059,0.1565,0.1830,2026-02-13
CASH,"Pathward Financial, Inc.",42.5000,Financial Services,Banks - Regional,Mid,92.4500,-0.0158,0.2075,0.3455,0.2294,0.1551,2026-02-13
FFBC,First Financial Bancorp.,42.4000,Financial Services,Banks - Regional,Mid,30.3100,-0.0273,0.1305,0.2657,0.2534,0.1220,2026-02-13
ASH,Ashland Inc.,42.3000,Basic Materials,Specialty Chemicals,Mid,60.9300,-0.0210,-0.0505,0.1565,0.1488,-0.0337,2026-02-13
DORM,"Dorman Products, Inc.",42.2000,Consumer Cyclical,Auto Parts,Mid,131.1700,0.0086,0.0185,-0.0246,-0.1398,0.0431,2026-02-13
DGX,Quest Diagnostics Incorporated,42.2000,Healthcare,Diagnostics & Research,Large,206.8700,0.0817,0.0873,0.1079,0.1611,0.2489,2026-02-13
CNP,"CenterPoint Energy, Inc (Holdin",42.2000,Utilities,Utilities - Regulated Electric,Large,42.5200,0.0564,0.0817,0.0803,0.1281,0.3026,2026-02-13
BIO,"Bio-Rad Laboratories, Inc.",41.8000,Healthcare,Medical Devices,Mid,256.5600,-0.1300,-0.2034,-0.1904,-0.1019,-0.1626,2026-02-13
AIT,Applied Industrial Technologies,41.7000,Industrials,Industrial Distribution,Large,279.8400,-0.0074,-0.0075,0.1195,0.1014,0.0732,2026-02-13
FR,"First Industrial Realty Trust, ",41.7000,Real Estate,REIT - Industrial,Mid,58.9200,-0.0117,-0.0066,0.0591,0.2248,0.0913,2026-02-13
BRSL,Brightstar Lottery PLC Trading ,41.7000,Consumer Cyclical,Gambling,Mid,13.4500,-0.0575,-0.0794,-0.1786,-0.1192,-0.0095,2026-02-13
DRVN,Driven Brands Holdings Inc.,41.6000,Consumer Cyclical,Auto & Truck Dealerships,Mid,16.8400,0.0042,0.0774,0.1776,0.0048,0.0350,2026-02-13
BILL,"BILL Holdings, Inc.",41.5000,Technology,Software - Application,Mid,46.9900,-0.0743,-0.0261,-0.0623,0.1620,-0.2282,2026-02-13
EHC,Encompass Health Corporation,41.4000,Healthcare,Medical Care Facilities,Large,110.1400,0.0375,0.0714,-0.0345,-0.0821,0.1069,2026-02-13
DIS,Walt Disney Company (The),41.4000,Communication Services,Entertainment,Large,105.4500,-0.0157,-0.0702,-0.0134,-0.0800,-0.0271,2026-02-13
BOH,Bank of Hawaii Corporation,41.4000,Financial Services,Banks - Regional,Mid,78.2000,-0.0116,0.0882,0.1977,0.2219,0.1214,2026-02-13
ALGN,"Align Technology, Inc.",41.2000,Healthcare,Medical Instruments & Supplies,Large,186.7700,-0.0298,0.0892,0.3396,0.3113,-0.0884,2026-02-13
CBT,Cabot Corporation,41.2000,Basic Materials,Specialty Chemicals,Mid,76.1900,0.0215,0.0358,0.2332,-0.0127,-0.0913,2026-02-13
CPAY,"Corpay, Inc.",41.1000,Technology,Software - Infrastructure,Large,337.1200,-0.0528,0.0192,0.1907,0.0613,-0.0849,2026-02-13
GNTX,Gentex Corporation,41.0000,Consumer Cyclical,Auto Parts,Mid,24.8900,0.0484,0.0371,0.0744,-0.0807,0.0429,2026-02-13
CXT,"Crane NXT, Co.",40.9000,Industrials,Specialty Industrial Machinery,Mid,52.7600,-0.0407,0.0199,-0.1205,-0.1103,-0.0761,2026-02-13
APLS,"Apellis Pharmaceuticals, Inc.",40.9000,Healthcare,Biotechnology,Mid,21.7000,-0.0495,0.0570,0.0954,-0.2180,-0.2098,2026-02-13
ADMA,ADMA Biologics Inc,40.6000,Healthcare,Biotechnology,Mid,16.0900,-0.0171,-0.0806,0.0248,-0.0530,0.0006,2026-02-13
GL,Globe Life Inc.,40.5000,Financial Services,Insurance - Life,Large,144.2500,0.0200,0.0317,0.0854,0.0693,0.1772,2026-02-13
GPOR,Gulfport Energy Corporation,40.4000,Energy,Oil & Gas E&P,Mid,203.9700,-0.0158,0.1465,-0.0344,0.2172,0.1083,2026-02-13
ECL,Ecolab Inc.,40.2000,Basic Materials,Specialty Chemicals,Large,299.1700,0.0382,0.0772,0.1452,0.0709,0.1385,2026-02-13
DNOW,DNOW Inc.,40.1000,Industrials,Industrial Distribution,Mid,16.4300,-0.0261,0.1457,0.3071,0.1339,-0.0324,2026-02-13
CARR,Carrier Global Corporation,40.0000,Industrials,Building Products & Equipment,Large,65.4000,0.0012,0.1824,0.1907,0.0082,0.0420,2026-02-13
AZO,"AutoZone, Inc.",39.9000,Consumer Cyclical,Auto Parts,Large,3858.1599,0.0616,0.1133,0.0102,-0.0371,0.1120,2026-02-13
BCPC,Balchem Corporation,39.9000,Basic Materials,Specialty Chemicals,Mid,180.8100,0.0495,0.0892,0.1588,0.1341,0.1151,2026-02-13
AIZ,"Assurant, Inc.",39.7000,Financial Services,Insurance - Property & Casualty,Large,217.4800,-0.0758,-0.0841,-0.0384,0.0312,0.0576,2026-02-13
DVA,DaVita Inc.,39.7000,Healthcare,Medical Care Facilities,Mid,148.9500,0.0822,0.4073,0.2105,0.1002,-0.1588,2026-02-13
BBT,Beacon Financial Corporation,39.7000,Financial Services,Banks - Regional,Mid,30.6800,-0.0190,0.1321,0.2339,0.2428,0.0826,2026-02-13
AMZN,"Amazon.com, Inc.",39.7000,Consumer Cyclical,Internet Retail,Mega,198.7900,-0.0476,-0.1654,-0.1633,-0.1395,-0.1371,2026-02-13
CBU,"Community Financial System, Inc",39.4000,Financial Services,Banks - Regional,Mid,66.3400,-0.0064,0.0575,0.1882,0.1944,0.0506,2026-02-13
CRGY,Crescent Energy Company,39.3000,Energy,Oil & Gas E&P,Mid,10.2300,-0.0068,0.2193,0.1314,0.1143,-0.2590,2026-02-13
CCI,Crown Castle Inc.,39.2000,Real Estate,REIT - Specialty,Large,90.3800,0.0879,-0.0003,0.0093,-0.0906,0.0575,2026-02-13
BX,Blackstone Inc.,38.9000,Financial Services,Asset Management,Large,129.8600,-0.0119,-0.1831,-0.0585,-0.2277,-0.1633,2026-02-13
FFIV,"F5, Inc.",38.7000,Technology,Software - Infrastructure,Large,273.9300,-0.0173,-0.0002,0.1468,-0.1313,-0.1176,2026-02-13
ATO,Atmos Energy Corporation,38.5000,Utilities,Utilities - Regulated Gas,Large,179.2500,0.0454,0.0527,0.0130,0.0958,0.2386,2026-02-13
CON,Concentra Group Holdings Parent,38.5000,Healthcare,Medical Care Facilities,Mid,23.5400,0.0173,0.0908,0.1956,0.0188,0.0431,2026-02-13
DXCM,"DexCom, Inc.",38.4000,Healthcare,Medical Devices,Large,70.0200,-0.0020,0.0113,0.1725,-0.1350,-0.1673,2026-02-13
CWST,"Casella Waste Systems, Inc.",38.4000,Industrials,Waste Management,Mid,103.7200,0.0005,-0.0102,0.1738,0.0441,-0.0286,2026-02-13
CHRD,Chord Energy Corporation,38.3000,Energy,Oil & Gas E&P,Mid,102.0200,-0.0031,0.1096,0.1404,0.0264,-0.0234,2026-02-13
EMN,Eastman Chemical Company,38.2000,Basic Materials,Specialty Chemicals,Mid,80.0800,0.0217,0.1403,0.2935,0.2529,-0.1752,2026-02-13
FHB,"First Hawaiian, Inc.",38.2000,Financial Services,Banks - Regional,Mid,26.3000,-0.0234,-0.0121,0.0933,0.1078,0.0107,2026-02-13
CHH,"Choice Hotels International, In",38.2000,Consumer Cyclical,Lodging,Mid,110.0400,0.0213,0.0086,0.1565,-0.0927,-0.2434,2026-02-13
ELV,"Elevance Health, Inc.",38.0000,Healthcare,Healthcare Plans,Large,346.8000,0.0589,-0.0920,0.0619,0.1322,-0.0973,2026-02-13
BAM,Brookfield Asset Management Inc,38.0000,Financial Services,Asset Management,Large,52.6500,0.0227,0.0117,0.0236,-0.1291,-0.0563,2026-02-13
CFR,"Cullen/Frost Bankers, Inc.",37.6000,Financial Services,Banks - Regional,Mid,144.4800,-0.0178,0.0385,0.1830,0.1825,0.0360,2026-02-13
EQT,EQT Corporation,37.5000,Energy,Oil & Gas E&P,Large,58.7000,0.0458,0.1759,-0.0257,0.1140,0.1236,2026-02-13
ARES,Ares Management Corporation,37.5000,Financial Services,Asset Management,Large,133.8800,-0.0246,-0.2105,-0.0924,-0.2779,-0.2539,2026-02-13
CMCSA,Comcast Corporation,37.4000,Communication Services,Telecom Services,Large,31.5700,-0.0013,0.1136,0.2185,0.0297,-0.0087,2026-02-13
EGP,"EastGroup Properties, Inc.",37.4000,Real Estate,REIT - Industrial,Large,190.9200,0.0023,0.0239,0.0856,0.1927,0.0949,2026-02-13
CTRA,Coterra Energy Inc.,37.3000,Energy,Oil & Gas E&P,Large,31.3700,0.0282,0.2192,0.2140,0.3165,0.1770,2026-02-13
CHTR,"Charter Communications, Inc.",36.8000,Communication Services,Telecom Services,Large,239.0900,0.0035,0.2286,0.1674,-0.1072,-0.3373,2026-02-13
BCC,"Boise Cascade, L.L.C.",36.7000,Basic Materials,Lumber & Wood Production,Mid,86.5000,-0.0283,0.0027,0.2540,0.0114,-0.2757,2026-02-13
BLDR,"Builders FirstSource, Inc.",36.6000,Industrials,Building Products & Equipment,Large,114.7300,-0.0770,-0.1103,0.1043,-0.1618,-0.2477,2026-02-13
AXON,"Axon Enterprise, Inc.",36.3000,Industrials,Aerospace & Defense,Large,429.6700,-0.0095,-0.3257,-0.2290,-0.4303,-0.3536,2026-02-13
FND,"Floor & Decor Holdings, Inc.",36.3000,Consumer Cyclical,Home Improvement Retail,Mid,70.2000,0.0308,-0.0704,0.1465,-0.1586,-0.2828,2026-02-13
FRPT,"Freshpet, Inc.",36.3000,Consumer Defensive,Packaged Foods,Mid,67.7200,-0.0315,0.0705,0.2672,0.1058,-0.4842,2026-02-13
AVA,Avista Corporation,36.2000,Utilities,Utilities - Diversified,Mid,43.0800,0.0510,0.0746,0.0546,0.1849,0.2166,2026-02-13
ACHR,Archer Aviation Inc.,36.0000,Industrials,Aerospace & Defense,Mid,6.7700,-0.0814,-0.2359,-0.1495,-0.3106,-0.2889,2026-02-13
AXTA,Axalta Coating Systems Ltd.,36.0000,Basic Materials,Specialty Chemicals,Mid,34.1300,-0.0023,0.0155,0.1503,0.1223,-0.0887,2026-02-13
BDX,"Becton, Dickinson and Company",35.8000,Healthcare,Medical Instruments & Supplies,Large,175.8900,0.0788,0.0738,0.1653,0.1543,0.0158,2026-02-13
ESAB,ESAB Corporation,35.7000,Industrials,Metal Fabrication,Mid,134.8200,0.0151,0.1068,0.2070,0.2244,0.0492,2026-02-13
BRX,Brixmor Property Group Inc.,35.7000,Real Estate,REIT - Retail,Mid,29.2900,0.0409,0.1235,0.1211,0.1317,0.0891,2026-02-13
BANF,BancFirst Corporation,35.6000,Financial Services,Banks - Regional,Mid,117.6800,-0.0225,0.0296,0.0729,-0.0359,-0.0028,2026-02-13
BGC,"BGC Group, Inc.",35.5000,Financial Services,Capital Markets,Mid,9.2100,-0.0223,0.0291,0.0178,-0.0993,-0.0211,2026-02-13
ADUS,Addus HomeCare Corporation,35.5000,Healthcare,Medical Care Facilities,Mid,113.8000,0.0973,0.0364,0.0273,-0.0114,-0.0146,2026-02-13
AFG,"American Financial Group, Inc.",35.5000,Financial Services,Insurance - Property & Casualty,Large,128.9500,0.0064,-0.0109,-0.0697,0.0182,0.1093,2026-02-13
CME,CME Group Inc.,35.4000,Financial Services,Financial Data & Stock Exchanges,Large,303.0700,-0.0136,0.1118,0.0738,0.1168,0.2348,2026-02-13
AVY,Avery Dennison Corporation,35.3000,Consumer Cyclical,Packaging & Containers,Large,195.8000,0.0335,0.0355,0.1160,0.1327,0.0935,2026-02-13
CL,Colgate-Palmolive Company,35.2000,Consumer Defensive,Household & Personal Products,Large,96.6700,0.0267,0.1532,0.2344,0.1510,0.1288,2026-02-13
ATR,"AptarGroup, Inc.",35.0000,Healthcare,Medical Instruments & Supplies,Mid,142.5800,0.0297,0.1440,0.1908,0.0356,0.0121,2026-02-13
FAF,First American Corporation (New,35.0000,Financial Services,Insurance - Specialty,Mid,67.2200,0.0239,0.1098,0.0592,0.0601,0.1052,2026-02-13
COIN,"Coinbase Global, Inc. - 3",35.0000,Financial Services,Financial Data & Stock Exchanges,Large,164.3200,-0.0175,-0.3133,-0.4197,-0.4825,-0.4488,2026-02-13
CB,Chubb Limited,35.0000,Financial Services,Insurance - Property & Casualty,Large,324.9500,-0.0037,0.0792,0.0970,0.1850,0.2216,2026-02-13
CI,The Cigna Group,35.0000,Healthcare,Healthcare Plans,Large,291.4400,-0.0101,0.0486,0.0819,-0.0078,-0.0080,2026-02-13
CLX,Clorox Company (The),34.9000,Consumer Defensive,Household & Personal Products,Large,125.9400,0.0531,0.1448,0.2212,0.0532,-0.1304,2026-02-13
APPF,"AppFolio, Inc.",34.5000,Technology,Software - Application,Mid,178.4100,-0.0293,-0.1878,-0.2762,-0.3275,-0.1697,2026-02-13
GGG,Graco Inc.,34.4000,Industrials,Specialty Industrial Machinery,Large,94.6700,0.0207,0.0850,0.1701,0.1292,0.1148,2026-02-13
CVBF,CVB Financial Corporation,34.3000,Financial Services,Banks - Regional,Mid,20.5500,-0.0316,0.0337,0.1138,0.0850,0.0515,2026-02-13
FELE,"Franklin Electric Co., Inc.",34.2000,Industrials,Specialty Industrial Machinery,Mid,108.9400,0.0093,0.0874,0.1661,0.1431,0.0925,2026-02-13
ED,"Consolidated Edison, Inc.",34.2000,Utilities,Utilities - Regulated Electric,Large,113.7200,0.0660,0.1086,0.1359,0.1379,0.2298,2026-02-13
FBIN,"Fortune Brands Innovations, Inc",34.1000,Industrials,Building Products & Equipment,Mid,51.3200,-0.1545,-0.1627,0.0563,-0.1168,-0.2350,2026-02-13
ARMK,Aramark,33.8000,Industrials,Specialty Business Services,Large,38.9800,0.0046,-0.0008,0.0149,-0.0133,0.0164,2026-02-13
AXS,Axis Capital Holdings Limited,33.8000,Financial Services,Insurance - Specialty,Mid,101.8500,-0.0117,0.0150,-0.0082,0.0693,0.1259,2026-02-13
EXR,Extra Space Storage Inc,33.8000,Real Estate,REIT - Industrial,Large,146.3600,0.0427,-0.0052,0.1228,0.0930,-0.0180,2026-02-13
BXP,"BXP, Inc.",33.8000,Real Estate,REIT - Office,Large,61.4900,-0.0541,-0.0837,-0.1226,-0.0419,-0.0943,2026-02-13
EQIX,"Equinix, Inc.",33.8000,Real Estate,REIT - Specialty,Large,956.1900,0.1148,0.1925,0.2231,0.2388,0.0597,2026-02-13
DASH,"DoorDash, Inc.",33.7000,Consumer Cyclical,Internet Retail,Large,160.3400,-0.1391,-0.2369,-0.1786,-0.3535,-0.2203,2026-02-13
CROX,"Crocs, Inc.",33.5000,Consumer Cyclical,Footwear & Accessories,Mid,96.8800,0.1521,0.1671,0.3060,0.1438,-0.1197,2026-02-13
BATRK,"Atlanta Braves Holdings, Inc. -",33.5000,Communication Services,Entertainment,Mid,43.1800,0.0877,0.0760,0.1201,-0.0171,0.0733,2026-02-13
BXMT,"Blackstone Mortgage Trust, Inc.",33.4000,Real Estate,REIT - Mortgage,Mid,19.5400,0.0015,0.0021,0.0866,0.0880,0.0841,2026-02-13
CPK,Chesapeake Utilities Corporatio,33.4000,Utilities,Utilities - Regulated Gas,Mid,135.6000,0.0512,0.0770,0.0182,0.1002,0.1267,2026-02-13
COLD,"Americold Realty Trust, Inc.",33.4000,Real Estate,REIT - Industrial,Mid,12.3600,-0.0306,-0.0790,0.1732,-0.1372,-0.3886,2026-02-13
EW,Edwards Lifesciences Corporatio,33.2000,Healthcare,Medical Devices,Large,75.8700,-0.0121,-0.1020,-0.1189,-0.0305,-0.0017,2026-02-13
DUK,Duke Energy Corporation (Holdin,33.2000,Utilities,Utilities - Regulated Electric,Large,128.2000,0.0622,0.0874,0.0552,0.0651,0.1757,2026-02-13
CACC,Credit Acceptance Corporation,33.1000,Financial Services,Credit Services,Mid,483.9800,-0.0389,0.0222,0.0994,0.0195,-0.0545,2026-02-13
APD,"Air Products and Chemicals, Inc",33.0000,Basic Materials,Specialty Chemicals,Large,279.7400,-0.0232,0.0517,0.0713,-0.0235,-0.0887,2026-02-13
ADT,ADT Inc.,32.8000,Industrials,Security & Protection Services,Mid,7.7400,-0.0456,-0.0652,-0.0701,-0.0964,0.0605,2026-02-13
GEHC,GE HealthCare Technologies Inc.,32.6000,Healthcare,Medical Devices,Large,80.3400,0.0159,-0.0263,0.0865,0.0955,-0.1390,2026-02-13
FRME,First Merchants Corporation,32.6000,Financial Services,Banks - Regional,Mid,42.0500,0.0005,0.0914,0.1745,0.1023,-0.0254,2026-02-13
ALKS,Alkermes plc,32.6000,Healthcare,Drug Manufacturers - Specialty & Generic,Mid,33.1600,-0.0482,0.0621,0.0693,0.1415,-0.0789,2026-02-13
AMT,American Tower Corporation (REI,32.5000,Real Estate,REIT - Specialty,Large,192.1000,0.1059,0.0581,0.0709,-0.0507,0.0466,2026-02-13
ESNT,Essent Group Ltd.,32.5000,Financial Services,Insurance - Specialty,Mid,61.4200,-0.0394,0.0047,0.0036,-0.0071,0.0724,2026-02-13
EXP,Eagle Materials Inc,32.5000,Basic Materials,Building Materials,Mid,235.1100,0.0357,0.0189,0.1600,0.0092,-0.0571,2026-02-13
CMG,"Chipotle Mexican Grill, Inc.",32.3000,Consumer Cyclical,Restaurants,Large,36.3000,-0.0831,-0.1006,0.1568,-0.1757,-0.3755,2026-02-13
ARE,Alexandria Real Estate Equities,32.2000,Real Estate,REIT - Office,Mid,52.4900,-0.0660,-0.0833,0.0196,-0.2889,-0.4169,2026-02-13
ACM,AECOM,32.1000,Industrials,Engineering & Construction,Large,88.3100,-0.1401,-0.1101,-0.3379,-0.2577,-0.1270,2026-02-13
CALM,"Cal-Maine Foods, Inc.",32.1000,Consumer Defensive,Farm Products,Mid,83.4400,0.0115,0.0913,-0.0809,-0.2273,-0.1654,2026-02-13
BL,"BlackLine, Inc.",32.0000,Technology,Software - Application,Mid,38.6100,-0.1025,-0.2636,-0.3036,-0.2404,-0.2612,2026-02-13
EPAC,Enerpac Tool Group Corp.,31.8000,Industrials,Specialty Industrial Machinery,Mid,43.0200,0.0137,0.0391,0.1082,0.0312,-0.0494,2026-02-13
AWK,"American Water Works Company, I",31.8000,Utilities,Utilities - Regulated Water,Large,133.5000,0.0932,0.0079,0.0224,-0.0601,0.0787,2026-02-13
DTE,DTE Energy Company,31.7000,Utilities,Utilities - Regulated Electric,Large,144.9400,0.0733,0.0767,0.0620,0.0612,0.1723,2026-02-13
GEN,Gen Digital Inc.,31.7000,Technology,Software - Infrastructure,Large,23.7200,-0.0306,-0.0960,-0.1033,-0.2356,-0.1339,2026-02-13
FIZZ,National Beverage Corp.,31.6000,Consumer Defensive,Beverages - Non-Alcoholic,Mid,36.3500,0.0344,0.0900,0.1082,-0.1883,-0.0825,2026-02-13
GME,GameStop Corporation,31.5000,Consumer Cyclical,Specialty Retail,Large,23.5700,-0.0434,0.1035,0.1245,0.0275,-0.1052,2026-02-13
AEE,Ameren Corporation,31.5000,Utilities,Utilities - Regulated Electric,Large,110.9700,0.0644,0.0749,0.0668,0.1194,0.1624,2026-02-13
BR,"Broadridge Financial Solutions,",31.5000,Technology,Information Technology Services,Large,173.7000,-0.0406,-0.2082,-0.2268,-0.3280,-0.2731,2026-02-13
COO,"The Cooper Companies, Inc.",31.5000,Healthcare,Medical Instruments & Supplies,Large,82.9900,0.0185,0.0083,0.1567,0.1328,-0.1141,2026-02-13
EFX,"Equifax, Inc.",31.3000,Industrials,Consulting Services,Large,192.8000,-0.0340,-0.1205,-0.0664,-0.2183,-0.2254,2026-02-13
BKNG,Booking Holdings Inc. Common St,31.3000,Consumer Cyclical,Travel Services,Large,4140.6001,-0.0228,-0.2027,-0.1827,-0.2381,-0.1672,2026-02-13
EXC,Exelon Corporation,30.9000,Utilities,Utilities - Regulated Electric,Large,48.4800,0.1026,0.0981,0.0667,0.0970,0.1692,2026-02-13
EXE,Expand Energy Corporation,30.9000,Energy,Oil & Gas E&P,Large,104.0500,0.0078,0.0455,-0.1179,0.0991,0.0219,2026-02-13
CPRX,"Catalyst Pharmaceuticals, Inc.",30.6000,Healthcare,Biotechnology,Mid,24.3300,-0.0049,0.0597,0.0569,0.2027,0.0460,2026-02-13
BSY,"Bentley Systems, Incorporated",30.4000,Technology,Software - Application,Large,34.1000,-0.0099,-0.1272,-0.2110,-0.3564,-0.2655,2026-02-13
BBY,"Best Buy Co., Inc.",30.4000,Consumer Cyclical,Specialty Retail,Large,65.8000,-0.0191,-0.0343,-0.1249,-0.0572,-0.2224,2026-02-13
APO,"Apollo Global Management, Inc. ",30.3000,Financial Services,Asset Management,Large,125.0700,-0.0663,-0.1324,-0.0245,-0.0959,-0.1969,2026-02-13
EPAM,"EPAM Systems, Inc.",30.3000,Technology,Information Technology Services,Mid,166.3700,-0.1268,-0.2270,-0.0781,0.0549,-0.3784,2026-02-13
DKS,Dick's Sporting Goods Inc,30.2000,Consumer Cyclical,Specialty Retail,Large,201.2500,-0.0033,-0.0546,-0.0805,-0.0916,-0.1509,2026-02-13
ALL,Allstate Corporation (The),30.2000,Financial Services,Insurance - Property & Casualty,Large,207.5100,0.0379,0.0616,-0.0126,0.0132,0.0976,2026-02-13
CWT,California Water Service Group,30.0000,Utilities,Utilities - Regulated Water,Mid,46.5600,0.0584,0.0148,0.0245,0.0152,0.0498,2026-02-13
CNO,"CNO Financial Group, Inc.",29.8000,Financial Services,Insurance - Life,Mid,43.0600,0.0082,0.0228,0.0443,0.1545,0.0555,2026-02-13
CORT,Corcept Therapeutics Incorporat,29.6000,Healthcare,Biotechnology,Mid,39.9700,-0.0324,0.1294,-0.4723,-0.4429,-0.4570,2026-02-13
CUBE,CubeSmart,29.4000,Real Estate,REIT - Industrial,Mid,38.9300,0.0202,-0.0054,0.0781,0.0132,-0.0241,2026-02-13
AFL,AFLAC Incorporated,29.4000,Financial Services,Insurance - Life,Large,114.9100,0.0151,0.0484,0.0043,0.1021,0.1283,2026-02-13
CARG,"CarGurus, Inc.",29.3000,Consumer Cyclical,Auto & Truck Dealerships,Mid,27.3400,-0.0410,-0.2130,-0.2452,-0.1559,-0.3185,2026-02-13
EOG,"EOG Resources, Inc.",29.2000,Energy,Oil & Gas E&P,Large,120.7300,0.0602,0.1283,0.1157,0.0341,-0.0296,2026-02-13
FRT,Federal Realty Investment Trust,28.8000,Real Estate,REIT - Retail,Mid,104.8000,-0.0123,0.0295,0.0856,0.1421,-0.0192,2026-02-13
ABNB,"Airbnb, Inc.",28.7000,Consumer Cyclical,Travel Services,Large,121.3500,0.0003,-0.0848,0.0013,-0.0300,-0.1396,2026-02-13
BJ,"BJ's Wholesale Club Holdings, I",28.7000,Consumer Defensive,Discount Stores,Large,102.7800,0.0249,0.0829,0.0935,-0.0045,-0.0390,2026-02-13
BANR,Banner Corporation,28.6000,Financial Services,Banks - Regional,Mid,64.2000,-0.0143,-0.0189,0.0522,0.0240,-0.0329,2026-02-13
AIG,"American International Group, I",28.6000,Financial Services,Insurance - Diversified,Large,78.2700,0.0450,0.0573,0.0042,-0.0108,0.0464,2026-02-13
BROS,Dutch Bros Inc.,28.5000,Consumer Cyclical,Restaurants,Mid,53.2000,-0.0642,-0.1299,-0.0392,-0.1554,-0.3632,2026-02-13
FFIN,"First Financial Bankshares, Inc",28.4000,Financial Services,Banks - Regional,Mid,33.4800,-0.0307,0.0254,0.0876,-0.0429,-0.0880,2026-02-13
CHD,"Church & Dwight Company, Inc.",28.4000,Consumer Defensive,Household & Personal Products,Large,101.4500,0.0340,0.1253,0.2022,0.1042,-0.0416,2026-02-13
BUR,Burford Capital Limited,28.3000,Financial Services,Asset Management,Mid,9.3900,0.0468,-0.0448,0.0768,-0.2993,-0.3801,2026-02-13
COST,Costco Wholesale Corporation,28.2000,Consumer Defensive,Discount Stores,Mega,1018.4800,0.0209,0.0660,0.1025,0.0507,-0.0490,2026-02-13
CURB,Curbline Properties Corp.,28.0000,Real Estate,REIT - Retail,Mid,26.2000,0.0210,0.0926,0.1385,0.1856,0.0694,2026-02-13
AMCR,Amcor plc,28.0000,Consumer Cyclical,Packaging & Containers,Large,50.0900,0.0347,0.1343,0.1676,0.1475,0.0185,2026-02-13
ABT,Abbott Laboratories,28.0000,Healthcare,Medical Devices,Large,112.6800,0.0145,-0.0878,-0.1239,-0.1366,-0.1290,2026-02-13
CVLT,"Commvault Systems, Inc.",27.9000,Technology,Software - Application,Mid,87.6300,-0.0026,-0.3000,-0.3079,-0.5132,-0.5226,2026-02-13
FWONK,Liberty Media Corporation - Ser,27.7000,Communication Services,Entertainment,Large,85.5500,0.0135,-0.0547,-0.1507,-0.1396,-0.1629,2026-02-13
COLM,Columbia Sportswear Company,27.6000,Consumer Cyclical,Apparel Manufacturing,Mid,63.2900,0.0073,0.1488,0.1693,0.1979,-0.2184,2026-02-13
CTSH,Cognizant Technology Solutions ,27.5000,Technology,Information Technology Services,Large,66.5500,-0.1079,-0.2154,-0.0913,-0.0409,-0.2451,2026-02-13
APLE,"Apple Hospitality REIT, Inc.",27.5000,Real Estate,REIT - Hotel & Motel,Mid,12.2700,0.0057,-0.0061,0.0748,0.0503,-0.1328,2026-02-13
EG,"Everest Group, Ltd.",27.5000,Financial Services,Insurance - Reinsurance,Large,338.0300,0.0494,0.0524,0.0322,0.0187,0.0194,2026-02-13
FWONA,Liberty Media Corporation - Ser,27.4000,Communication Services,Entertainment,Large,78.3300,0.0175,-0.0547,-0.1458,-0.1173,-0.1715,2026-02-13
CUZ,Cousins Properties Incorporated,27.4000,Real Estate,REIT - Office,Mid,22.4600,-0.1133,-0.1635,-0.1186,-0.1604,-0.2302,2026-02-13
CAG,"ConAgra Brands, Inc.",27.4000,Consumer Defensive,Packaged Foods,Mid,19.7600,0.0302,0.1600,0.1560,0.0727,-0.1495,2026-02-13
CART,Maplebear Inc.,27.4000,Consumer Cyclical,Internet Retail,Mid,36.3000,0.0327,-0.0882,-0.0999,-0.1735,-0.2739,2026-02-13
CNK,Cinemark Holdings Inc Cinemark ,27.4000,Communication Services,Entertainment,Mid,24.8800,-0.0364,0.0172,-0.1666,-0.0227,-0.2256,2026-02-13
FNF,"Fidelity National Financial, In",27.3000,Financial Services,Insurance - Specialty,Large,56.7400,0.0084,0.0760,0.0138,0.0051,0.0557,2026-02-13
ADSK,"Autodesk, Inc.",27.3000,Technology,Software - Application,Large,231.2200,-0.0466,-0.1184,-0.2219,-0.1936,-0.2381,2026-02-13
FIS,Fidelity National Information S,27.2000,Technology,Information Technology Services,Large,46.8000,-0.0749,-0.2624,-0.2894,-0.3313,-0.3214,2026-02-13
CPNG,"Coupang, Inc.",27.0000,Consumer Cyclical,Internet Retail,Large,16.9800,-0.0841,-0.2009,-0.4048,-0.3966,-0.3208,2026-02-13
CNA,CNA Financial Corporation,26.9000,Financial Services,Insurance - Property & Casualty,Large,48.6900,-0.0090,0.0489,0.0649,0.0404,0.0690,2026-02-13
CNS,Cohen & Steers Inc,26.9000,Financial Services,Asset Management,Mid,66.6600,0.0367,-0.0427,0.0179,-0.1022,-0.1841,2026-02-13
DOX,Amdocs Limited,26.9000,Technology,Software - Infrastructure,Mid,69.2300,-0.0562,-0.1787,-0.0940,-0.1972,-0.1866,2026-02-13
CMS,CMS Energy Corporation,26.6000,Utilities,Utilities - Regulated Electric,Large,76.7400,0.0538,0.0766,0.0380,0.0694,0.1328,2026-02-13
AMP,"Ameriprise Financial, Inc.",26.5000,Financial Services,Asset Management,Large,473.6700,-0.1214,-0.0650,0.0341,-0.0524,-0.1110,2026-02-13
BAX,Baxter International Inc.,26.5000,Healthcare,Medical Instruments & Supplies,Large,19.7900,-0.0893,-0.0285,0.0588,-0.1754,-0.3420,2026-02-13
CSGP,"CoStar Group, Inc.",26.4000,Real Estate,Real Estate Services,Large,44.9900,-0.1172,-0.2902,-0.3435,-0.4982,-0.3884,2026-02-13
BULL,Webull Corporation,26.4000,Technology,Software - Application,Mid,6.0100,-0.1149,-0.2653,-0.3330,-0.6245,-0.4846,2026-02-13
FICO,Fair Isaac Corporation,26.3000,Technology,Software - Application,Large,1344.7400,-0.0204,-0.1495,-0.2259,0.0012,-0.2541,2026-02-13
ACGL,Arch Capital Group Ltd.,26.3000,Financial Services,Insurance - Diversified,Large,98.3800,0.0242,0.0818,0.0606,0.0844,0.0912,2026-02-13
CHWY,"Chewy, Inc.",25.9000,Consumer Cyclical,Internet Retail,Large,24.2300,-0.1154,-0.2606,-0.2765,-0.4016,-0.3619,2026-02-13
DT,"Dynatrace, Inc.",25.8000,Technology,Software - Application,Large,37.2000,0.0282,-0.0554,-0.2048,-0.2289,-0.4037,2026-02-13
FDS,FactSet Research Systems Inc.,25.7000,Financial Services,Financial Data & Stock Exchanges,Mid,205.7900,0.0126,-0.2896,-0.2566,-0.4394,-0.5468,2026-02-13
CRVL,CorVel Corp.,25.6000,Financial Services,Insurance Brokers,Mid,49.2000,0.0696,-0.2888,-0.3307,-0.4423,-0.5870,2026-02-13
ACI,"Albertsons Companies, Inc.",25.6000,Consumer Defensive,Grocery Stores,Large,18.5700,0.0226,0.0779,0.0431,-0.0161,-0.1027,2026-02-13
ESTC,Elastic N.V.,25.5000,Technology,Software - Application,Mid,61.5700,0.0039,-0.1544,-0.3256,-0.2031,-0.4764,2026-02-13
EQH,"Equitable Holdings, Inc.",25.5000,Financial Services,Asset Management,Large,44.3900,-0.0352,-0.0617,-0.0109,-0.1715,-0.1564,2026-02-13
EPRT,Essential Properties Realty Tru,25.2000,Real Estate,REIT - Retail,Mid,32.0900,0.0197,0.0508,0.0534,0.0768,0.0723,2026-02-13
FTV,Fortive Corporation,25.2000,Technology,Scientific & Technical Instruments,Large,56.9000,-0.0626,0.0250,0.0963,0.1842,-0.0713,2026-02-13
ADC,Agree Realty Corporation,25.1000,Real Estate,REIT - Retail,Mid,78.0800,0.0369,0.0883,0.0709,0.0995,0.1337,2026-02-13
GLPI,"Gaming and Leisure Properties, ",25.0000,Real Estate,REIT - Specialty,Large,46.4000,0.0122,0.0307,0.0592,0.0397,0.0061,2026-02-13
DOC,"Healthpeak Properties, Inc.",24.9000,Real Estate,REIT - Healthcare Facilities,Large,16.7000,-0.0021,-0.0368,-0.0229,0.0053,-0.0943,2026-02-13
BSX,Boston Scientific Corporation,24.9000,Healthcare,Medical Devices,Large,74.7300,0.0082,-0.1699,-0.2882,-0.2757,-0.2959,2026-02-13
CHDN,"Churchill Downs, Incorporated",24.9000,Consumer Cyclical,Gambling,Mid,89.2400,-0.0531,-0.1698,-0.1025,-0.1267,-0.2722,2026-02-13
BAH,Booz Allen Hamilton Holding Cor,24.8000,Industrials,Consulting Services,Mid,79.3200,-0.1132,-0.1770,-0.0446,-0.2641,-0.3071,2026-02-13
BLKB,"Blackbaud, Inc.",24.7000,Technology,Software - Application,Mid,49.0800,0.0172,-0.1379,-0.1858,-0.2244,-0.3925,2026-02-13
CTAS,Cintas Corporation,24.7000,Industrials,Specialty Business Services,Large,193.4400,-0.0045,-0.0087,0.0343,-0.1025,-0.0511,2026-02-13
GEO,Geo Group Inc (The) REIT,24.7000,Industrials,Security & Protection Services,Mid,14.2100,-0.1157,-0.1875,-0.0254,-0.3237,-0.4866,2026-02-13
FRSH,Freshworks Inc.,24.5000,Technology,Software - Application,Mid,7.2400,-0.1611,-0.3616,-0.3921,-0.4465,-0.5846,2026-02-13
AVPT,"AvePoint, Inc.",24.5000,Technology,Software - Infrastructure,Mid,10.5600,-0.0294,-0.1908,-0.1877,-0.2974,-0.4665,2026-02-13
CPB,The Campbell's Company,24.5000,Consumer Defensive,Packaged Foods,Mid,29.4900,0.0194,0.0963,-0.0415,-0.0679,-0.1975,2026-02-13
DJT,Trump Media & Technology Group ,24.5000,Communication Services,Internet Content & Information,Mid,10.9800,-0.0257,-0.1962,-0.0873,-0.4065,-0.6420,2026-02-13
BFAM,Bright Horizons Family Solution,24.4000,Consumer Cyclical,Personal Services,Mid,66.9000,-0.1986,-0.3104,-0.3323,-0.4489,-0.4378,2026-02-13
ABM,ABM Industries Incorporated,24.4000,Industrials,Specialty Business Services,Mid,44.5100,-0.0483,-0.0118,0.0537,-0.0640,-0.1433,2026-02-13
DOCU,"DocuSign, Inc.",24.3000,Technology,Software - Application,Mid,44.8200,-0.0582,-0.2491,-0.3311,-0.3678,-0.4943,2026-02-13
BIRK,Birkenstock Holding plc,24.3000,Consumer Cyclical,Footwear & Accessories,Mid,39.8000,0.0303,-0.0199,-0.0141,-0.2008,-0.3008,2026-02-13
ADP,"Automatic Data Processing, Inc.",24.2000,Technology,Software - Application,Large,212.1100,-0.0640,-0.1848,-0.1615,-0.2889,-0.3011,2026-02-13
EXLS,"ExlService Holdings, Inc.",24.2000,Technology,Information Technology Services,Mid,30.0400,-0.0341,-0.2953,-0.2466,-0.2905,-0.4157,2026-02-13
CBSH,"Commerce Bancshares, Inc.",24.1000,Financial Services,Banks - Regional,Mid,53.6000,-0.0295,-0.0176,0.0549,-0.0714,-0.1372,2026-02-13
FRHC,Freedom Holding Corp.,24.1000,Financial Services,Financial Conglomerates,Mid,116.4000,-0.0472,-0.0768,-0.1538,-0.3228,-0.2769,2026-02-13
DUOL,"Duolingo, Inc.",24.0000,Technology,Software - Application,Mid,112.5700,-0.0533,-0.2710,-0.3965,-0.6557,-0.7384,2026-02-13
DKNG,DraftKings Inc.,24.0000,Consumer Cyclical,Gambling,Large,21.7600,-0.2006,-0.3864,-0.2671,-0.5158,-0.5315,2026-02-13
AJG,Arthur J. Gallagher & Co.,23.9000,Financial Services,Insurance Brokers,Large,208.4500,-0.0429,-0.1862,-0.1858,-0.2844,-0.3600,2026-02-13
G,Genpact Limited,23.6000,Technology,Information Technology Services,Mid,37.3600,-0.0539,-0.1917,-0.1707,-0.1409,-0.3197,2026-02-13
DEI,"Douglas Emmett, Inc.",23.5000,Real Estate,REIT - Office,Mid,10.1100,-0.0417,-0.0784,-0.1255,-0.2927,-0.3768,2026-02-13
BMI,"Badger Meter, Inc.",23.3000,Technology,Scientific & Technical Instruments,Mid,154.8800,0.0286,-0.0919,-0.1268,-0.1672,-0.2883,2026-02-13
AR,Antero Resources Corporation,23.1000,Energy,Oil & Gas E&P,Large,34.7600,0.0152,0.0938,0.0122,0.0862,-0.1342,2026-02-13
AWR,American States Water Company,23.1000,Utilities,Utilities - Regulated Water,Mid,74.8900,0.0683,-0.0176,0.0043,0.0061,0.0238,2026-02-13
FCN,"FTI Consulting, Inc.",23.0000,Industrials,Consulting Services,Mid,162.8100,-0.0776,-0.0831,-0.0130,-0.0162,-0.1494,2026-02-13
CPT,Camden Property Trust,22.9000,Real Estate,REIT - Residential,Large,108.5300,0.0060,0.0017,0.0773,0.0364,-0.0541,2026-02-13
FLUT,Flutter Entertainment plc,22.8000,Consumer Cyclical,Gambling,Large,125.1700,-0.1899,-0.3775,-0.3773,-0.5733,-0.5565,2026-02-13
ELS,"Equity Lifestyle Properties, In",22.6000,Real Estate,REIT - Residential,Large,67.8200,0.0332,0.0916,0.1090,0.1368,0.0476,2026-02-13
FISV,"Fiserv, Inc.",22.6000,,,Large,59.3600,-0.0130,-0.1111,-0.0801,-0.5658,-0.7418,2026-02-13
BMRN,BioMarin Pharmaceutical Inc.,22.6000,Healthcare,Biotechnology,Large,59.8700,0.0356,0.0872,0.1042,0.0405,-0.0706,2026-02-13
BRZE,"Braze, Inc.",22.5000,Technology,Software - Application,Mid,17.6000,-0.0282,-0.3093,-0.3761,-0.3098,-0.5787,2026-02-13
GPK,Graphic Packaging Holding Compa,22.4000,Consumer Cyclical,Packaging & Containers,Mid,12.4200,-0.0648,-0.1956,-0.2241,-0.4416,-0.5228,2026-02-13
BOX,"Box, Inc.",22.3000,Technology,Software - Infrastructure,Mid,23.1900,-0.0542,-0.1272,-0.2751,-0.2659,-0.3447,2026-02-13
ERIE,Erie Indemnity Company,22.1000,Financial Services,Insurance Brokers,Large,279.1100,0.0354,-0.0140,-0.0230,-0.2312,-0.2769,2026-02-13
GPI,"Group 1 Automotive, Inc.",22.1000,Consumer Cyclical,Auto & Truck Dealerships,Mid,333.8600,-0.0134,-0.1593,-0.1472,-0.2438,-0.3071,2026-02-13
ABG,Asbury Automotive Group Inc,22.1000,Consumer Cyclical,Auto & Truck Dealerships,Mid,229.4400,0.0265,-0.0767,0.0276,-0.0462,-0.2345,2026-02-13
FLO,"Flowers Foods, Inc.",22.1000,Consumer Defensive,Packaged Foods,Mid,10.3600,-0.1235,-0.0667,-0.0691,-0.3126,-0.4098,2026-02-13
DOCS,"Doximity, Inc.",22.0000,Healthcare,Health Information Services,Mid,25.0200,-0.0902,-0.3905,-0.4968,-0.6158,-0.6750,2026-02-13
BRO,"Brown & Brown, Inc.",22.0000,Financial Services,Insurance Brokers,Large,68.4700,-0.0029,-0.1395,-0.1428,-0.2787,-0.3782,2026-02-13
AON,Aon plc,21.9000,Financial Services,Insurance Brokers,Large,321.7000,0.0366,-0.0671,-0.0833,-0.1235,-0.1723,2026-02-13
CRM,"Salesforce, Inc.",21.9000,Technology,Software - Application,Large,189.7200,-0.0222,-0.1876,-0.2096,-0.2148,-0.4211,2026-02-13
AMH,American Homes 4 Rent,21.9000,Real Estate,REIT - Residential,Large,31.6200,0.0177,-0.0032,0.0075,-0.0739,-0.0857,2026-02-13
BRBR,"BellRing Brands, Inc.",21.8000,Consumer Defensive,Packaged Foods,Mid,17.8700,-0.0479,-0.2652,-0.3369,-0.5342,-0.7696,2026-02-13
AKR,Acadia Realty Trust,21.8000,Real Estate,REIT - Retail,Mid,20.5900,-0.0195,-0.0177,0.0369,0.1040,-0.1342,2026-02-13
AVTR,"Avantor, Inc.",21.7000,Healthcare,Medical Instruments & Supplies,Mid,9.2000,-0.1808,-0.2346,-0.2137,-0.2885,-0.4917,2026-02-13
GIS,"General Mills, Inc.",21.3000,Consumer Defensive,Packaged Foods,Large,48.3400,0.0050,0.0601,0.0357,-0.0003,-0.1475,2026-02-13
FOUR,"Shift4 Payments, Inc.",21.3000,Technology,Software - Infrastructure,Mid,55.0100,-0.0614,-0.1654,-0.2387,-0.3945,-0.5392,2026-02-13
DXC,DXC Technology Company,21.2000,Technology,Information Technology Services,Mid,13.3900,-0.0649,-0.0977,0.0053,-0.0233,-0.3494,2026-02-13
ADBE,Adobe Inc.,21.2000,Technology,Software - Application,Large,263.9700,-0.0110,-0.1319,-0.2087,-0.2561,-0.4252,2026-02-13
ACIW,"ACI Worldwide, Inc.",21.2000,Technology,Software - Infrastructure,Mid,39.5600,-0.0543,-0.0904,-0.1612,-0.1503,-0.2470,2026-02-13
DLB,Dolby Laboratories,20.9000,Industrials,Specialty Business Services,Mid,66.0200,-0.0030,0.0476,0.0141,-0.0834,-0.2011,2026-02-13
AGO,Assured Guaranty Ltd.,20.8000,Financial Services,Insurance - Specialty,Mid,86.3400,0.0081,0.0091,-0.0151,0.0725,-0.0563,2026-02-13
GDDY,GoDaddy Inc.,20.3000,Technology,Software - Infrastructure,Large,89.1200,-0.0913,-0.1698,-0.3201,-0.3894,-0.5807,2026-02-13
GPN,Global Payments Inc.,20.2000,Industrials,Specialty Business Services,Large,68.4800,-0.0457,-0.0868,-0.0895,-0.2063,-0.3345,2026-02-13
EEFT,"Euronet Worldwide, Inc.",20.1000,Technology,Software - Infrastructure,Mid,67.9600,-0.0664,-0.0901,-0.0322,-0.2918,-0.3460,2026-02-13
DBX,"Dropbox, Inc.",19.9000,Technology,Software - Infrastructure,Mid,24.5300,-0.0141,-0.0747,-0.1931,-0.1183,-0.2450,2026-02-13
CDW,CDW Corporation,19.9000,Technology,Information Technology Services,Large,126.8600,-0.1156,-0.0410,-0.1317,-0.2190,-0.3135,2026-02-13
CPRT,"Copart, Inc.",19.8000,Industrials,Specialty Business Services,Large,37.4900,-0.0697,-0.0912,-0.0992,-0.2037,-0.3734,2026-02-13
ALRM,"Alarm.com Holdings, Inc.",19.7000,Technology,Software - Application,Mid,46.3800,-0.0178,-0.0863,-0.0799,-0.1687,-0.2733,2026-02-13
CZR,"Caesars Entertainment, Inc.",19.6000,Consumer Cyclical,Resorts & Casinos,Mid,18.1400,-0.1215,-0.2844,-0.0815,-0.2839,-0.5333,2026-02-13
FCPT,"Four Corners Property Trust, In",19.5000,Real Estate,REIT - Retail,Mid,24.3700,-0.0345,-0.0217,0.0263,-0.0121,-0.0927,2026-02-13
EQR,Equity Residential,19.2000,Real Estate,REIT - Residential,Large,63.8600,-0.0125,0.0440,0.0892,0.0178,-0.0692,2026-02-13
FG,"F&G Annuities & Life, Inc.",18.8000,Financial Services,Insurance - Life,Mid,28.4400,0.0205,0.0252,-0.1314,-0.1640,-0.3714,2026-02-13
CHE,Chemed Corp,18.6000,Healthcare,Medical Care Facilities,Mid,473.2200,0.0559,0.0311,0.0625,0.0646,-0.1520,2026-02-13
FTNT,"Fortinet, Inc.",18.5000,Technology,Software - Infrastructure,Large,85.5600,-0.0043,0.1211,0.0559,0.0815,-0.2220,2026-02-13
DPZ,Domino's Pizza Inc,18.1000,Consumer Cyclical,Restaurants,Large,375.5000,-0.0425,-0.0821,-0.0775,-0.1613,-0.2050,2026-02-13
ACN,Accenture plc,18.0000,Technology,Information Technology Services,Large,224.2300,-0.0529,-0.2208,-0.0943,-0.0922,-0.4186,2026-02-13
EXPO,"Exponent, Inc.",17.7000,Industrials,Engineering & Construction,Mid,66.7900,-0.1474,-0.1017,-0.0410,-0.0276,-0.2502,2026-02-13
GLOB,Globant S.A.,17.2000,Technology,Information Technology Services,Mid,49.4000,-0.1786,-0.2679,-0.2139,-0.2567,-0.7840,2026-02-13
AVB,"AvalonBay Communities, Inc.",15.7000,Real Estate,REIT - Residential,Large,176.1900,0.0157,-0.0255,0.0050,-0.0582,-0.1706,2026-02-13
ESS,"Essex Property Trust, Inc.",13.3000,Real Estate,REIT - Residential,Large,251.1600,-0.0258,-0.0093,0.0002,-0.0126,-0.1062,2026-02-13
